,DATE,RAINFALL_MM,PRESENT_STORAGE_TMC,RES_LEVEL_FT,INFLOW_CUSECS,OUTFLOW_CUSECS,TEMPERATURE_C,RESERVOIR
0,2011-01-01,0.22,3.74,2835.9,142.0,0.0,23.2,Harangi
1,2011-01-02,0.0,3.76,2836.09,239.0,0.0,23.2,Harangi
2,2011-01-03,0.0,3.77,2836.22,166.0,0.0,23.2,Harangi
3,2011-01-04,0.0,3.78,2836.31,118.0,0.0,23.2,Harangi
4,2011-01-05,0.0,3.79,2836.41,130.0,0.0,23.2,Harangi
5,2011-01-06,0.0,3.81,2836.54,167.0,0.0,23.2,Harangi
6,2011-01-07,0.0,3.82,2836.63,118.0,0.0,23.2,Harangi
7,2011-01-08,0.0,3.83,2836.73,131.0,0.0,23.2,Harangi
8,2011-01-09,0.0,3.84,2836.81,112.0,0.0,23.2,Harangi
9,2011-01-10,0.0,3.85,2836.93,160.0,0.0,23.2,Harangi
10,2011-01-11,0.0,3.86,2837.06,172.0,0.0,23.2,Harangi
11,2011-01-12,0.0,3.88,2837.23,100.0,0.0,23.2,Harangi
12,2011-01-13,0.0,3.88,2837.23,100.0,0.0,23.2,Harangi
13,2011-01-14,0.0,3.89,2837.3,100.0,0.0,23.2,Harangi
14,2011-01-15,0.0,3.89,2837.37,100.0,0.0,23.2,Harangi
15,2011-01-16,0.0,3.9,2837.45,112.0,0.0,23.2,Harangi
16,2011-01-17,0.0,3.91,2837.52,100.0,0.0,23.2,Harangi
17,2011-01-18,0.0,3.92,2837.61,124.0,0.0,23.2,Harangi
18,2011-01-19,0.0,3.93,2837.68,100.0,0.0,23.2,Harangi
19,2011-01-20,0.0,3.93,2837.76,112.0,0.0,23.2,Harangi
20,2011-01-21,0.0,3.94,2837.83,100.0,0.0,23.2,Harangi
21,2011-01-22,0.0,3.95,2837.87,64.0,0.0,23.2,Harangi
22,2011-01-23,0.0,3.95,2837.94,100.0,0.0,23.2,Harangi
23,2011-01-24,0.0,3.96,2838.01,100.0,0.0,23.2,Harangi
24,2011-01-25,0.0,3.97,2838.06,76.0,0.0,23.2,Harangi
25,2011-01-26,0.0,3.98,2838.16,74.0,0.0,23.2,Harangi
26,2011-01-27,0.0,3.98,2838.16,74.0,0.0,23.2,Harangi
27,2011-01-28,0.0,3.98,2838.2,64.0,0.0,23.2,Harangi
28,2011-01-29,0.0,3.99,2838.27,100.0,0.0,23.2,Harangi
29,2011-01-30,0.0,3.99,2838.32,76.0,0.0,23.2,Harangi
30,2011-01-31,0.0,4.0,2838.36,64.0,0.0,23.2,Harangi
31,2011-02-01,0.0,4.0,2838.4,64.0,0.0,25.0,Harangi
32,2011-02-02,0.0,4.0,2838.44,64.0,0.0,25.0,Harangi
33,2011-02-03,0.0,4.01,2838.48,64.0,0.0,25.0,Harangi
34,2011-02-04,0.0,4.01,2838.51,52.0,0.0,25.0,Harangi
35,2011-02-05,0.0,4.02,2838.55,64.0,0.0,25.0,Harangi
36,2011-02-06,0.0,4.02,2838.58,52.0,0.0,25.0,Harangi
37,2011-02-07,0.0,4.02,2838.61,52.0,0.0,25.0,Harangi
38,2011-02-08,0.0,4.03,2838.65,64.0,0.0,25.0,Harangi
39,2011-02-09,0.0,4.03,2838.69,64.0,0.0,25.0,Harangi
40,2011-02-10,0.0,4.03,2838.72,52.0,0.0,25.0,Harangi
41,2011-02-11,0.0,4.04,2838.74,40.0,0.0,25.0,Harangi
42,2011-02-12,0.0,4.04,2838.77,52.0,0.0,25.0,Harangi
43,2011-02-13,0.0,4.04,2838.79,39.0,0.0,25.0,Harangi
44,2011-02-14,0.0,4.04,2838.81,41.0,0.0,25.0,Harangi
45,2011-02-15,0.0,4.05,2838.83,40.0,0.0,25.0,Harangi
46,2011-02-16,0.0,4.05,2838.86,52.0,0.0,25.0,Harangi
47,2011-02-17,0.0,4.05,2838.9,64.0,0.0,25.0,Harangi
48,2011-02-18,0.0,4.05,2838.91,28.0,0.0,25.0,Harangi
49,2011-02-19,0.0,4.06,2838.94,52.0,0.0,25.0,Harangi
50,2011-02-20,0.0,4.06,2838.97,52.0,0.0,25.0,Harangi
51,2011-02-21,0.32,4.06,2838.99,40.0,0.0,25.0,Harangi
52,2011-02-22,0.0,4.07,2839.02,52.0,0.0,25.0,Harangi
53,2011-02-23,0.0,4.07,2839.04,40.0,0.0,25.0,Harangi
54,2011-02-24,0.33,4.07,2839.06,40.0,0.0,25.0,Harangi
55,2011-02-25,7.93,4.08,2839.13,100.0,0.0,25.0,Harangi
56,2011-02-26,0.0,4.1,2839.33,256.0,0.0,25.0,Harangi
57,2011-02-27,0.21,4.1,2839.35,40.0,0.0,25.0,Harangi
58,2011-02-28,0.0,4.1,2839.36,28.0,0.0,25.0,Harangi
59,2011-03-01,0.0,4.1,2839.39,52.0,0.0,27.2,Harangi
60,2011-03-02,0.0,4.11,2839.41,40.0,0.0,27.2,Harangi
61,2011-03-03,0.0,4.11,2839.41,22.0,0.0,27.2,Harangi
62,2011-03-04,0.0,4.11,2839.42,34.0,0.0,27.2,Harangi
63,2011-03-05,0.0,4.11,2839.42,34.0,0.0,27.2,Harangi
64,2011-03-06,0.0,4.11,2839.43,34.0,0.0,27.2,Harangi
65,2011-03-07,0.0,4.11,2839.43,22.0,0.0,27.2,Harangi
66,2011-03-08,0.0,4.11,2839.43,22.0,0.0,27.2,Harangi
67,2011-03-09,0.0,4.11,2839.44,23.0,0.0,27.2,Harangi
68,2011-03-10,0.0,4.11,2839.43,29.0,0.0,27.2,Harangi
69,2011-03-11,0.0,4.11,2839.43,29.0,0.0,27.2,Harangi
70,2011-03-12,0.0,4.11,2839.43,29.0,0.0,27.2,Harangi
71,2011-03-13,0.0,4.11,2839.43,29.0,0.0,27.2,Harangi
72,2011-03-14,0.0,4.11,2839.43,29.0,0.0,27.2,Harangi
73,2011-03-15,0.0,4.11,2839.43,31.0,0.0,27.2,Harangi
74,2011-03-16,0.0,4.11,2839.44,34.0,0.0,27.2,Harangi
75,2011-03-17,0.0,4.11,2839.41,36.0,50.0,27.2,Harangi
76,2011-03-18,0.0,4.1,2839.39,32.0,40.0,27.2,Harangi
77,2011-03-19,0.0,4.1,2839.36,20.0,40.0,27.2,Harangi
78,2011-03-20,0.0,4.09,2839.33,20.0,40.0,27.2,Harangi
79,2011-03-21,0.02,4.09,2839.3,14.0,40.0,27.2,Harangi
80,2011-03-22,0.0,4.09,2839.28,27.0,40.0,27.2,Harangi
81,2011-03-23,0.0,4.09,2839.26,32.0,40.0,27.2,Harangi
82,2011-03-24,1.02,4.09,2839.24,32.0,40.0,27.2,Harangi
83,2011-03-25,0.14,4.09,2839.22,32.0,40.0,27.2,Harangi
84,2011-03-26,3.09,4.08,2839.2,32.0,40.0,27.2,Harangi
85,2011-03-27,0.21,4.08,2839.18,32.0,40.0,27.2,Harangi
86,2011-03-28,4.51,4.08,2839.16,38.0,40.0,27.2,Harangi
87,2011-03-29,0.0,4.08,2839.16,38.0,40.0,27.2,Harangi
88,2011-03-30,0.0,4.08,2839.14,23.0,50.0,27.2,Harangi
89,2011-03-31,0.0,4.08,2839.13,50.0,40.0,27.2,Harangi
90,2011-04-01,0.0,4.08,2839.12,34.0,30.0,27.7,Harangi
91,2011-04-02,0.0,4.07,2839.05,57.0,125.0,27.7,Harangi
92,2011-04-03,1.4,4.05,2838.91,48.0,200.0,27.7,Harangi
93,2011-04-04,0.0,4.04,2838.75,24.0,200.0,27.7,Harangi
94,2011-04-05,0.0,4.02,2838.59,24.0,200.0,27.7,Harangi
95,2011-04-06,0.0,4.0,2838.35,28.0,300.0,27.7,Harangi
96,2011-04-07,0.0,3.98,2838.16,38.0,250.0,27.7,Harangi
97,2011-04-08,0.0,3.95,2837.91,15.0,300.0,27.7,Harangi
98,2011-04-09,0.0,3.92,2837.67,27.0,300.0,27.7,Harangi
99,2011-04-10,1.1,3.91,2837.5,17.0,200.0,27.7,Harangi
100,2011-04-11,6.34,3.88,2837.2,10.0,350.0,27.7,Harangi
101,2011-04-12,1.63,3.86,2837.08,27.0,150.0,27.7,Harangi
102,2011-04-13,0.0,3.83,2836.75,24.0,400.0,27.7,Harangi
103,2011-04-14,2.39,3.81,2836.54,88.0,325.0,27.7,Harangi
104,2011-04-15,8.59,3.79,2836.33,63.0,300.0,27.7,Harangi
105,2011-04-16,1.17,3.76,2836.12,44.0,350.0,27.7,Harangi
106,2011-04-17,2.44,3.74,2835.91,68.0,300.0,27.7,Harangi
107,2011-04-18,0.43,3.73,2835.8,38.0,150.0,27.7,Harangi
108,2011-04-19,3.21,3.73,2835.82,44.0,0.0,27.7,Harangi
109,2011-04-20,8.3,3.74,2835.85,51.0,0.0,27.7,Harangi
110,2011-04-21,8.39,3.74,2835.9,75.0,0.0,27.7,Harangi
111,2011-04-22,16.94,3.76,2836.07,136.0,0.0,27.7,Harangi
112,2011-04-23,11.26,3.77,2836.15,112.0,0.0,27.7,Harangi
113,2011-04-24,11.08,3.77,2836.21,93.0,0.0,27.7,Harangi
114,2011-04-25,0.65,3.79,2836.33,160.0,0.0,27.7,Harangi
115,2011-04-26,12.64,3.79,2836.38,75.0,0.0,27.7,Harangi
116,2011-04-27,0.0,3.79,2836.4,39.0,0.0,27.7,Harangi
117,2011-04-28,0.04,3.79,2836.41,27.0,0.0,27.7,Harangi
118,2011-04-29,1.59,3.79,2836.42,27.0,0.0,27.7,Harangi
119,2011-04-30,0.0,3.79,2836.42,20.0,0.0,27.7,Harangi
120,2011-05-01,3.36,3.8,2836.5,117.0,0.0,27.1,Harangi
121,2011-05-02,0.08,3.81,2836.54,63.0,0.0,27.1,Harangi
122,2011-05-03,0.0,3.81,2836.56,39.0,0.0,27.1,Harangi
123,2011-05-04,0.9,3.81,2836.57,27.0,0.0,27.1,Harangi
124,2011-05-05,0.0,3.81,2836.58,27.0,0.0,27.1,Harangi
125,2011-05-06,0.0,3.81,2836.59,27.0,0.0,27.1,Harangi
126,2011-05-07,0.0,3.81,2836.6,27.0,0.0,27.1,Harangi
127,2011-05-08,0.0,3.81,2836.6,20.0,0.0,27.1,Harangi
128,2011-05-09,0.0,3.81,2836.57,27.0,43.0,27.1,Harangi
129,2011-05-10,0.0,3.81,2836.55,27.0,43.0,27.1,Harangi
130,2011-05-11,0.0,3.81,2836.52,27.0,43.0,27.1,Harangi
131,2011-05-12,2.54,3.8,2836.49,27.0,43.0,27.1,Harangi
132,2011-05-13,0.0,3.8,2836.46,27.0,43.0,27.1,Harangi
133,2011-05-14,1.4,3.81,2836.56,216.0,75.0,27.1,Harangi
134,2011-05-15,3.05,3.81,2836.54,72.0,75.0,27.1,Harangi
135,2011-05-16,3.32,3.79,2836.42,50.0,175.0,27.1,Harangi
136,2011-05-17,0.0,3.78,2836.29,34.0,175.0,27.1,Harangi
137,2011-05-18,33.4,3.78,2836.24,105.0,150.0,27.1,Harangi
138,2011-05-19,0.96,3.78,2836.23,100.0,100.0,27.1,Harangi
139,2011-05-20,3.04,3.78,2836.24,77.0,50.0,27.1,Harangi
140,2011-05-21,0.0,3.78,2836.24,37.0,10.0,27.1,Harangi
141,2011-05-22,0.03,3.78,2836.24,37.0,10.0,27.1,Harangi
142,2011-05-23,0.0,3.78,2836.26,27.0,0.0,27.1,Harangi
143,2011-05-24,3.39,3.78,2836.26,20.0,0.0,27.1,Harangi
144,2011-05-25,3.33,3.78,2836.27,33.0,0.0,27.1,Harangi
145,2011-05-26,3.16,3.78,2836.32,75.0,0.0,27.1,Harangi
146,2011-05-27,6.29,3.79,2836.33,27.0,0.0,27.1,Harangi
147,2011-05-28,0.81,3.79,2836.33,15.0,0.0,27.1,Harangi
148,2011-05-29,2.13,3.79,2836.39,87.0,0.0,27.1,Harangi
149,2011-05-30,0.22,3.79,2836.4,27.0,0.0,27.1,Harangi
150,2011-05-31,5.25,6.34,2836.4,15.0,0.0,27.1,Harangi
151,2011-06-01,1.26,3.8,2836.46,15.0,0.0,25.2,Harangi
152,2011-06-02,11.86,3.79,2836.41,27.0,0.0,25.2,Harangi
153,2011-06-03,26.0,3.8,2836.45,63.0,0.0,25.2,Harangi
154,2011-06-04,25.02,3.81,2836.58,172.0,0.0,25.2,Harangi
155,2011-06-05,21.64,3.82,2836.65,100.0,0.0,25.2,Harangi
156,2011-06-06,19.51,3.84,2836.82,220.0,0.0,25.2,Harangi
157,2011-06-07,13.53,3.85,2836.98,208.0,0.0,25.2,Harangi
158,2011-06-08,13.33,3.87,2837.13,196.0,0.0,25.2,Harangi
159,2011-06-09,6.19,3.89,2837.38,316.0,0.0,25.2,Harangi
160,2011-06-10,11.9,3.91,2837.52,184.0,0.0,25.2,Harangi
161,2011-06-11,5.78,3.93,2837.69,220.0,0.0,25.2,Harangi
162,2011-06-12,22.6,3.95,2837.91,280.0,0.0,25.2,Harangi
163,2011-06-13,12.11,4.0,2838.36,557.0,0.0,25.2,Harangi
164,2011-06-14,17.34,4.05,2838.84,593.0,0.0,25.2,Harangi
165,2011-06-15,18.63,4.13,2839.64,978.0,0.0,25.2,Harangi
166,2011-06-16,11.34,4.18,2840.16,641.0,0.0,25.2,Harangi
167,2011-06-17,24.98,4.23,2840.61,557.0,0.0,25.2,Harangi
168,2011-06-18,65.99,4.35,2841.74,1375.0,0.0,25.2,Harangi
169,2011-06-19,15.56,4.47,2842.95,1507.0,0.0,25.2,Harangi
170,2011-06-20,1.73,4.53,2843.52,702.0,0.0,25.2,Harangi
171,2011-06-21,1.15,4.56,2843.82,377.0,0.0,25.2,Harangi
172,2011-06-22,0.32,4.6,2844.06,387.0,0.0,25.2,Harangi
173,2011-06-23,34.27,4.65,2844.32,686.0,0.0,25.2,Harangi
174,2011-06-24,21.0,4.77,2844.86,1407.0,0.0,25.2,Harangi
175,2011-06-25,33.27,4.95,2845.64,2025.0,0.0,25.2,Harangi
176,2011-06-26,49.91,5.39,2847.62,5117.0,0.0,25.2,Harangi
177,2011-06-27,59.26,5.73,2849.17,4004.0,0.0,25.2,Harangi
178,2011-06-28,46.46,6.32,2851.79,6761.0,0.0,25.2,Harangi
179,2011-06-29,8.19,6.68,2853.41,4184.0,0.0,25.2,Harangi
180,2011-06-30,2.71,6.93,2854.35,2432.0,0.0,25.2,Harangi
181,2011-07-01,2.34,7.16,2855.04,2724.0,0.0,24.4,Harangi
182,2011-07-02,30.31,7.4,2855.74,2763.0,0.0,24.4,Harangi
183,2011-07-03,2.84,7.5,2856.03,2357.0,1200.0,24.4,Harangi
184,2011-07-04,4.18,7.47,2855.94,1469.0,1800.0,24.4,Harangi
185,2011-07-05,15.63,7.47,2855.94,1514.0,1500.0,24.4,Harangi
186,2011-07-06,14.02,7.5,2856.04,1906.0,1500.0,24.4,Harangi
187,2011-07-07,27.41,7.52,2856.1,2649.0,2400.0,24.4,Harangi
188,2011-07-08,8.75,7.49,2856.0,1993.0,2370.0,24.4,Harangi
189,2011-07-09,8.93,7.5,2856.05,2210.0,2000.0,24.4,Harangi
190,2011-07-10,3.25,7.5,2856.04,1882.0,1900.0,24.4,Harangi
191,2011-07-11,16.04,7.54,2856.15,1652.0,1200.0,24.4,Harangi
192,2011-07-12,11.64,7.54,2856.15,1271.0,1200.0,24.4,Harangi
193,2011-07-13,24.32,7.57,2856.26,1702.0,1250.0,24.4,Harangi
194,2011-07-14,30.17,7.55,2856.19,1332.0,1585.0,24.4,Harangi
195,2011-07-15,38.83,7.57,2856.26,4465.0,4170.0,24.4,Harangi
196,2011-07-16,31.95,7.52,2856.1,6062.0,6667.0,24.4,Harangi
197,2011-07-17,50.51,7.62,2856.39,8032.0,6875.0,24.4,Harangi
198,2011-07-18,44.72,7.42,2855.81,6135.0,8385.0,24.4,Harangi
199,2011-07-19,52.4,7.67,2856.56,9960.0,5100.0,24.4,Harangi
200,2011-07-20,32.77,7.56,2856.23,7937.0,9208.0,24.4,Harangi
201,2011-07-21,18.21,7.67,2856.55,6661.0,5386.0,24.4,Harangi
202,2011-07-22,27.61,7.65,2856.5,6226.0,6400.0,24.4,Harangi
203,2011-07-23,14.16,7.61,2856.37,6012.0,6500.0,24.4,Harangi
204,2011-07-24,46.31,7.7,2856.63,7340.0,6300.0,24.4,Harangi
205,2011-07-25,40.27,7.68,2856.57,8187.0,8400.0,24.4,Harangi
206,2011-07-26,11.25,7.5,2856.03,4750.0,6850.0,24.4,Harangi
207,2011-07-27,27.99,7.43,2855.85,3517.0,4200.0,24.4,Harangi
208,2011-07-28,5.64,7.69,2856.61,4214.0,1215.0,24.4,Harangi
209,2011-07-29,7.02,7.74,2856.75,2670.0,2100.0,24.4,Harangi
210,2011-07-30,6.09,7.67,2856.54,1300.0,2100.0,24.4,Harangi
211,2011-07-31,30.2,7.81,2856.95,3478.0,1850.0,24.4,Harangi
212,2011-08-01,11.69,7.57,2856.24,2576.0,5335.0,24.5,Harangi
213,2011-08-02,20.95,7.66,2856.52,3519.0,2400.0,24.5,Harangi
214,2011-08-03,52.52,7.88,2857.16,6208.0,3679.0,24.5,Harangi
215,2011-08-04,48.52,7.82,2856.98,7017.0,7700.0,24.5,Harangi
216,2011-08-05,33.72,7.88,2857.18,8505.0,7700.0,24.5,Harangi
217,2011-08-06,67.47,7.98,2857.45,8880.0,7800.0,24.5,Harangi
218,2011-08-07,38.11,7.62,2856.4,9031.0,13122.0,24.5,Harangi
219,2011-08-08,42.41,7.55,2856.18,10485.0,11325.0,24.5,Harangi
220,2011-08-09,26.37,7.33,2855.54,8153.0,10637.0,24.5,Harangi
221,2011-08-10,14.5,7.41,2855.79,5376.0,4375.0,24.5,Harangi
222,2011-08-11,13.99,7.67,2856.56,6130.0,3092.0,24.5,Harangi
223,2011-08-12,18.66,7.87,2857.14,5494.0,3200.0,24.5,Harangi
224,2011-08-13,30.31,8.02,2857.57,4768.0,3062.0,24.5,Harangi
225,2011-08-14,2.82,7.93,2857.32,4358.0,5315.0,24.5,Harangi
226,2011-08-15,7.35,7.78,2856.87,3166.0,4906.0,24.5,Harangi
227,2011-08-16,2.21,7.87,2857.14,3240.0,1700.0,24.5,Harangi
228,2011-08-17,4.08,7.97,2857.44,2747.0,1550.0,24.5,Harangi
229,2011-08-18,8.16,8.04,2857.64,2455.0,1650.0,24.5,Harangi
230,2011-08-19,17.89,8.1,2857.83,2416.0,1650.0,24.5,Harangi
231,2011-08-20,8.09,8.16,2857.98,2260.0,1650.0,24.5,Harangi
232,2011-08-21,29.37,8.24,2858.22,2612.0,1650.0,24.5,Harangi
233,2011-08-22,2.58,8.39,2858.66,3395.0,1650.0,24.5,Harangi
234,2011-08-23,11.14,8.45,2858.86,2343.0,1538.0,24.5,Harangi
235,2011-08-24,7.67,8.44,2858.83,1405.0,2333.0,24.5,Harangi
236,2011-08-25,11.48,8.44,2858.81,2000.0,2056.0,24.5,Harangi
237,2011-08-26,8.16,8.42,2858.75,1799.0,2012.0,24.5,Harangi
238,2011-08-27,33.52,8.44,2858.81,2162.0,1905.0,24.5,Harangi
239,2011-08-28,14.2,8.42,2858.75,2529.0,2742.0,24.5,Harangi
240,2011-08-29,7.38,8.41,2858.73,2594.0,2650.0,24.5,Harangi
241,2011-08-30,27.57,8.37,2858.6,3337.0,3824.0,24.5,Harangi
242,2011-08-31,30.11,8.44,2858.81,4562.0,3717.0,24.5,Harangi
243,2011-09-01,39.61,8.33,2858.51,4271.0,5423.0,25.1,Harangi
244,2011-09-02,76.55,8.12,2857.88,5960.0,8405.0,25.1,Harangi
245,2011-09-03,59.37,8.29,2858.37,7542.0,5600.0,25.1,Harangi
246,2011-09-04,32.41,8.12,2857.87,6364.0,8300.0,25.1,Harangi
247,2011-09-05,6.17,8.23,2858.19,7226.0,5950.0,25.1,Harangi
248,2011-09-06,4.45,8.23,2858.21,6039.0,5938.0,25.1,Harangi
249,2011-09-07,13.75,8.26,2858.29,3803.0,3467.0,25.1,Harangi
250,2011-09-08,6.54,8.26,2858.3,3250.0,3188.0,25.1,Harangi
251,2011-09-09,9.76,8.25,2858.26,2866.0,3000.0,25.1,Harangi
252,2011-09-10,7.37,8.31,2858.44,2763.0,2035.0,25.1,Harangi
253,2011-09-11,17.81,8.36,2858.58,2938.0,2367.0,25.1,Harangi
254,2011-09-12,9.87,8.34,2858.54,2472.0,2606.0,25.1,Harangi
255,2011-09-13,9.76,8.35,2858.56,2465.0,2363.0,25.1,Harangi
256,2011-09-14,10.67,8.36,2858.58,2480.0,2363.0,25.1,Harangi
257,2011-09-15,19.46,8.36,2858.58,2280.0,2257.0,25.1,Harangi
258,2011-09-16,25.2,8.34,2858.52,4216.0,3252.0,25.1,Harangi
259,2011-09-17,3.9,8.34,2858.52,3681.0,4833.0,25.1,Harangi
260,2011-09-18,3.06,8.33,2858.51,2892.0,2908.0,25.1,Harangi
261,2011-09-19,21.58,8.33,2858.51,2636.0,2613.0,25.1,Harangi
262,2011-09-20,5.99,8.33,2858.51,2431.0,2408.0,25.1,Harangi
263,2011-09-21,3.65,8.34,2858.52,1976.0,1913.0,25.1,Harangi
264,2011-09-22,3.25,8.33,2858.51,1784.0,1800.0,25.1,Harangi
265,2011-09-23,1.95,8.32,2858.47,1567.0,1700.0,25.1,Harangi
266,2011-09-24,0.27,8.28,2858.34,1214.0,1700.0,25.1,Harangi
267,2011-09-25,0.0,8.22,2858.16,926.0,1600.0,25.1,Harangi
268,2011-09-26,0.0,8.14,2857.93,730.0,1600.0,25.1,Harangi
269,2011-09-27,0.27,8.06,2857.69,591.0,1500.0,25.1,Harangi
270,2011-09-28,0.13,7.97,2857.43,512.0,1500.0,25.1,Harangi
271,2011-09-29,0.0,7.88,2857.16,463.0,1490.0,25.1,Harangi
272,2011-09-30,0.0,7.77,2856.84,346.0,1569.0,25.1,Harangi
273,2011-10-01,1.5,7.65,2856.49,260.0,1600.0,25.5,Harangi
274,2011-10-02,2.21,7.53,2856.13,220.0,1600.0,25.5,Harangi
275,2011-10-03,2.12,7.4,2855.75,142.0,1600.0,25.5,Harangi
276,2011-10-04,0.0,7.27,2855.36,103.0,1500.0,25.5,Harangi
277,2011-10-05,0.0,7.13,2854.94,86.0,1500.0,25.5,Harangi
278,2011-10-06,0.0,6.99,2854.53,74.0,1500.0,25.5,Harangi
279,2011-10-07,0.0,6.83,2854.07,28.0,1500.0,25.5,Harangi
280,2011-10-08,0.16,6.72,2853.62,275.0,1500.0,25.5,Harangi
281,2011-10-09,2.02,6.64,2853.25,575.0,1500.0,25.5,Harangi
282,2011-10-10,6.49,6.55,2852.84,472.0,1500.0,25.5,Harangi
283,2011-10-11,9.22,6.48,2852.53,730.0,1500.0,25.5,Harangi
284,2011-10-12,5.79,6.41,2852.19,583.0,1430.0,25.5,Harangi
285,2011-10-13,14.05,6.45,2852.38,1301.0,783.0,25.5,Harangi
286,2011-10-14,0.19,6.46,2852.43,657.0,500.0,25.5,Harangi
287,2011-10-15,9.46,6.47,2852.48,657.0,500.0,25.5,Harangi
288,2011-10-16,7.14,6.48,2852.52,632.0,500.0,25.5,Harangi
289,2011-10-17,0.35,6.48,2852.52,717.0,585.0,25.5,Harangi
290,2011-10-18,3.4,6.45,2852.41,345.0,600.0,25.5,Harangi
291,2011-10-19,0.18,6.42,2852.24,300.0,709.0,25.5,Harangi
292,2011-10-20,0.04,6.34,2851.9,101.0,948.0,25.5,Harangi
293,2011-10-21,2.81,6.26,2851.52,168.0,1119.0,25.5,Harangi
294,2011-10-22,4.93,6.19,2851.22,230.0,975.0,25.5,Harangi
295,2011-10-23,0.0,6.11,2850.87,101.0,975.0,25.5,Harangi
296,2011-10-24,34.72,6.1,2850.82,761.0,862.0,25.5,Harangi
297,2011-10-25,6.9,6.1,2850.8,510.0,534.0,25.5,Harangi
298,2011-10-26,7.26,6.12,2850.92,837.0,500.0,25.5,Harangi
299,2011-10-27,0.98,6.11,2850.84,362.0,540.0,25.5,Harangi
300,2011-10-28,20.21,6.07,2850.69,241.0,600.0,25.5,Harangi
301,2011-10-29,1.02,6.04,2850.55,267.0,600.0,25.5,Harangi
302,2011-10-30,11.29,6.0,2850.35,245.0,733.0,25.5,Harangi
303,2011-10-31,0.79,5.93,2850.05,55.0,800.0,25.5,Harangi
304,2011-11-01,0.62,5.85,2849.68,55.0,900.0,23.8,Harangi
305,2011-11-02,13.2,5.75,2849.24,54.0,1050.0,23.8,Harangi
306,2011-11-03,14.71,5.77,2849.34,946.0,946.0,23.8,Harangi
307,2011-11-04,12.8,5.89,2849.87,1875.0,492.0,23.8,Harangi
308,2011-11-05,3.83,5.98,2850.27,1266.0,215.0,23.8,Harangi
309,2011-11-06,2.64,6.01,2850.41,723.0,342.0,23.8,Harangi
310,2011-11-07,10.4,6.05,2850.59,1021.0,537.0,23.8,Harangi
311,2011-11-08,0.19,6.07,2850.69,920.0,642.0,23.8,Harangi
312,2011-11-09,0.0,6.02,2850.44,213.0,837.0,23.8,Harangi
313,2011-11-10,0.0,5.94,2850.09,118.0,1000.0,23.8,Harangi
314,2011-11-11,0.0,5.85,2849.69,83.0,1100.0,23.8,Harangi
315,2011-11-12,0.0,5.75,2849.24,54.0,1200.0,23.8,Harangi
316,2011-11-13,0.0,5.64,2848.74,25.0,1300.0,23.8,Harangi
317,2011-11-14,0.0,5.52,2848.19,46.0,1300.0,23.8,Harangi
318,2011-11-15,0.0,5.39,2847.64,46.0,1350.0,23.8,Harangi
319,2011-11-16,0.0,5.26,2847.06,25.0,1350.0,23.8,Harangi
320,2011-11-17,0.0,5.13,2846.46,23.0,1550.0,23.8,Harangi
321,2011-11-18,0.0,4.99,2845.85,47.0,1350.0,23.8,Harangi
322,2011-11-19,0.0,4.86,2845.25,23.0,1350.0,23.8,Harangi
323,2011-11-20,0.0,4.7,2844.55,16.0,1550.0,23.8,Harangi
324,2011-11-21,0.0,4.56,2843.8,11.0,1550.0,23.8,Harangi
325,2011-11-22,0.0,4.48,2843.06,18.0,890.0,23.8,Harangi
326,2011-11-23,0.0,4.41,2842.3,14.0,910.0,23.8,Harangi
327,2011-11-24,0.0,4.33,2841.53,17.0,926.0,23.8,Harangi
328,2011-11-25,0.0,4.24,2840.75,14.0,935.0,23.8,Harangi
329,2011-11-26,1.48,4.16,2839.94,17.0,974.0,23.8,Harangi
330,2011-11-27,4.41,4.08,2839.14,14.0,960.0,23.8,Harangi
331,2011-11-28,1.11,3.99,2838.32,17.0,987.0,23.8,Harangi
332,2011-11-29,5.92,3.84,2836.89,462.0,1300.0,23.8,Harangi
333,2011-11-30,0.81,3.92,2837.6,450.0,1300.0,23.8,Harangi
334,2011-12-01,0.09,3.77,2836.18,462.0,1300.0,23.1,Harangi
335,2011-12-02,0.0,3.69,2835.45,438.0,1300.0,23.1,Harangi
336,2011-12-03,0.0,3.61,2834.66,400.0,1335.0,23.1,Harangi
337,2011-12-04,0.0,3.53,2833.82,399.0,1285.0,23.1,Harangi
338,2011-12-05,0.13,3.43,2833.54,400.0,1285.0,23.1,Harangi
339,2011-12-06,0.0,3.44,2832.04,400.0,900.0,23.1,Harangi
340,2011-12-07,0.0,3.4,2831.1,399.0,946.0,23.1,Harangi
341,2011-12-08,0.0,3.35,2830.15,397.0,950.0,23.1,Harangi
342,2011-12-09,0.0,3.3,2829.18,385.0,950.0,23.1,Harangi
343,2011-12-10,0.0,3.25,2828.21,385.0,950.0,23.1,Harangi
344,2011-12-11,0.0,3.2,2827.32,382.0,900.0,23.1,Harangi
345,2011-12-12,0.0,3.16,2826.44,388.0,900.0,23.1,Harangi
346,2011-12-13,0.0,3.11,2825.58,384.0,885.0,23.1,Harangi
347,2011-12-14,0.0,3.07,2824.72,384.0,885.0,23.1,Harangi
348,2011-12-15,0.0,3.01,2823.71,379.0,1100.0,23.1,Harangi
349,2011-12-16,0.0,2.9,2822.57,315.0,1500.0,23.1,Harangi
350,2011-12-17,0.0,2.79,2821.36,241.0,1500.0,23.1,Harangi
351,2011-12-18,0.0,2.68,2820.1,114.0,1425.0,23.1,Harangi
352,2011-12-19,0.0,2.59,2819.1,111.0,1150.0,23.1,Harangi
353,2011-12-20,0.0,2.5,2818.09,100.0,1150.0,23.1,Harangi
354,2011-12-21,0.0,2.4,2817.0,96.0,1230.0,23.1,Harangi
355,2011-12-22,0.0,4.48,2843.06,18.0,890.0,23.1,Harangi
356,2011-12-23,0.0,2.2,2814.83,90.0,1140.0,23.1,Harangi
357,2011-12-24,0.0,2.14,2814.12,63.0,800.0,23.1,Harangi
358,2011-12-25,0.0,2.09,2813.49,72.0,600.0,23.1,Harangi
359,2011-12-26,0.0,2.05,2812.82,69.0,475.0,23.1,Harangi
360,2011-12-27,0.0,2.0,2812.16,77.0,590.0,23.1,Harangi
361,2011-12-28,0.0,1.96,2811.52,68.0,575.0,23.1,Harangi
362,2011-12-29,0.0,1.91,2810.85,69.0,600.0,23.1,Harangi
363,2011-12-30,0.0,1.82,2810.18,142.0,4504.0,23.1,Harangi
364,2011-12-31,0.23,1.72,2809.45,133.0,4500.0,23.1,Harangi
365,2012-01-01,0.0,1.76,2808.74,66.0,630.0,23.2,Harangi
366,2012-01-02,0.0,3.76,2836.09,239.0,0.0,23.2,Harangi
367,2012-01-03,0.0,3.77,2836.22,166.0,0.0,23.2,Harangi
368,2012-01-04,0.0,3.78,2836.31,118.0,0.0,23.2,Harangi
369,2012-01-05,0.0,3.79,2836.41,130.0,0.0,23.2,Harangi
370,2012-01-06,0.0,3.81,2836.54,167.0,0.0,23.2,Harangi
371,2012-01-07,0.0,3.82,2836.63,118.0,0.0,23.2,Harangi
372,2012-01-08,0.0,3.83,2836.73,131.0,0.0,23.2,Harangi
373,2012-01-09,0.0,3.84,2836.81,112.0,0.0,23.2,Harangi
374,2012-01-10,0.0,3.85,2836.93,160.0,0.0,23.2,Harangi
375,2012-01-11,0.0,3.86,2837.06,172.0,0.0,23.2,Harangi
376,2012-01-12,0.0,3.88,2837.23,100.0,0.0,23.2,Harangi
377,2012-01-13,0.0,3.88,2837.23,100.0,0.0,23.2,Harangi
378,2012-01-14,0.0,3.89,2837.3,100.0,0.0,23.2,Harangi
379,2012-01-15,0.0,3.89,2837.37,100.0,0.0,23.2,Harangi
380,2012-01-16,0.0,3.9,2837.45,112.0,0.0,23.2,Harangi
381,2012-01-17,0.0,3.91,2837.52,100.0,0.0,23.2,Harangi
382,2012-01-18,0.0,3.92,2837.61,124.0,0.0,23.2,Harangi
383,2012-01-19,0.0,3.93,2837.68,100.0,0.0,23.2,Harangi
384,2012-01-20,0.0,3.93,2837.76,112.0,0.0,23.2,Harangi
385,2012-01-21,0.0,3.94,2837.83,100.0,0.0,23.2,Harangi
386,2012-01-22,0.0,3.95,2837.87,64.0,0.0,23.2,Harangi
387,2012-01-23,0.0,3.95,2837.94,100.0,0.0,23.2,Harangi
388,2012-01-24,0.0,3.96,2838.01,100.0,0.0,23.2,Harangi
389,2012-01-25,0.0,3.97,2838.06,76.0,0.0,23.2,Harangi
390,2012-01-26,0.0,3.98,2838.16,74.0,0.0,23.2,Harangi
391,2012-01-27,0.0,3.98,2838.16,74.0,0.0,23.2,Harangi
392,2012-01-28,0.0,3.98,2838.2,64.0,0.0,23.2,Harangi
393,2012-01-29,0.0,3.99,2838.27,100.0,0.0,23.2,Harangi
394,2012-01-30,0.0,3.99,2838.32,76.0,0.0,23.2,Harangi
395,2012-01-31,0.0,4.0,2838.36,64.0,0.0,23.2,Harangi
396,2012-02-01,0.0,4.0,2838.4,64.0,0.0,25.3,Harangi
397,2012-02-02,0.0,4.0,2838.44,64.0,0.0,25.3,Harangi
398,2012-02-03,0.0,4.01,2838.48,64.0,0.0,25.3,Harangi
399,2012-02-04,0.0,4.01,2838.51,52.0,0.0,25.3,Harangi
400,2012-02-05,0.0,4.02,2838.55,64.0,0.0,25.3,Harangi
401,2012-02-06,0.0,4.02,2838.58,52.0,0.0,25.3,Harangi
402,2012-02-07,0.0,4.02,2838.61,52.0,0.0,25.3,Harangi
403,2012-02-08,0.0,4.03,2838.65,64.0,0.0,25.3,Harangi
404,2012-02-09,0.0,4.03,2838.69,64.0,0.0,25.3,Harangi
405,2012-02-10,0.0,4.03,2838.72,52.0,0.0,25.3,Harangi
406,2012-02-11,0.54,4.04,2838.74,40.0,0.0,25.3,Harangi
407,2012-02-12,0.0,4.04,2838.77,52.0,0.0,25.3,Harangi
408,2012-02-13,0.0,4.04,2838.79,39.0,0.0,25.3,Harangi
409,2012-02-14,0.0,4.04,2838.81,41.0,0.0,25.3,Harangi
410,2012-02-15,0.0,4.05,2838.83,40.0,0.0,25.3,Harangi
411,2012-02-16,0.0,4.05,2838.86,52.0,0.0,25.3,Harangi
412,2012-02-17,0.0,4.05,2838.9,64.0,0.0,25.3,Harangi
413,2012-02-18,0.0,4.05,2838.91,28.0,0.0,25.3,Harangi
414,2012-02-19,0.0,4.06,2838.94,52.0,0.0,25.3,Harangi
415,2012-02-20,0.0,4.06,2838.97,52.0,0.0,25.3,Harangi
416,2012-02-21,0.0,4.06,2838.99,40.0,0.0,25.3,Harangi
417,2012-02-22,0.0,4.07,2839.02,52.0,0.0,25.3,Harangi
418,2012-02-23,0.0,4.07,2839.04,40.0,0.0,25.3,Harangi
419,2012-02-24,0.0,4.07,2839.06,40.0,0.0,25.3,Harangi
420,2012-02-25,0.0,4.08,2839.13,100.0,0.0,25.3,Harangi
421,2012-02-26,0.0,4.1,2839.33,256.0,0.0,25.3,Harangi
422,2012-02-27,0.0,4.1,2839.35,40.0,0.0,25.3,Harangi
423,2012-02-28,0.0,4.1,2839.36,28.0,0.0,25.3,Harangi
424,2012-02-29,0.0,4.1,2839.36,28.0,0.0,25.3,Harangi
425,2012-03-01,0.0,4.1,2839.39,52.0,0.0,27.8,Harangi
426,2012-03-02,0.0,4.11,2839.41,40.0,0.0,27.8,Harangi
427,2012-03-03,0.0,4.11,2839.41,22.0,0.0,27.8,Harangi
428,2012-03-04,0.0,4.11,2839.42,34.0,0.0,27.8,Harangi
429,2012-03-05,0.0,4.11,2839.42,34.0,0.0,27.8,Harangi
430,2012-03-06,0.0,4.11,2839.43,34.0,0.0,27.8,Harangi
431,2012-03-07,0.0,4.11,2839.43,22.0,0.0,27.8,Harangi
432,2012-03-08,0.0,4.11,2839.43,22.0,0.0,27.8,Harangi
433,2012-03-09,0.0,4.11,2839.44,23.0,0.0,27.8,Harangi
434,2012-03-10,0.0,4.11,2839.43,29.0,0.0,27.8,Harangi
435,2012-03-11,0.0,4.11,2839.43,29.0,0.0,27.8,Harangi
436,2012-03-12,0.0,4.11,2839.43,29.0,0.0,27.8,Harangi
437,2012-03-13,0.0,4.11,2839.43,29.0,0.0,27.8,Harangi
438,2012-03-14,2.23,4.11,2839.43,29.0,0.0,27.8,Harangi
439,2012-03-15,0.0,4.11,2839.43,31.0,0.0,27.8,Harangi
440,2012-03-16,0.0,4.11,2839.44,34.0,0.0,27.8,Harangi
441,2012-03-17,0.17,4.11,2839.41,36.0,50.0,27.8,Harangi
442,2012-03-18,0.0,4.1,2839.39,32.0,40.0,27.8,Harangi
443,2012-03-19,0.0,4.1,2839.36,20.0,40.0,27.8,Harangi
444,2012-03-20,0.0,4.09,2839.33,20.0,40.0,27.8,Harangi
445,2012-03-21,0.0,4.09,2839.3,14.0,40.0,27.8,Harangi
446,2012-03-22,0.0,4.09,2839.28,27.0,40.0,27.8,Harangi
447,2012-03-23,0.0,4.09,2839.26,32.0,40.0,27.8,Harangi
448,2012-03-24,0.0,4.09,2839.24,32.0,40.0,27.8,Harangi
449,2012-03-25,0.0,4.09,2839.22,32.0,40.0,27.8,Harangi
450,2012-03-26,0.0,4.08,2839.2,32.0,40.0,27.8,Harangi
451,2012-03-27,0.0,4.08,2839.18,32.0,40.0,27.8,Harangi
452,2012-03-28,0.0,4.08,2839.16,38.0,40.0,27.8,Harangi
453,2012-03-29,0.13,4.08,2839.16,38.0,40.0,27.8,Harangi
454,2012-03-30,0.0,4.08,2839.14,23.0,50.0,27.8,Harangi
455,2012-03-31,0.0,4.08,2839.13,50.0,40.0,27.8,Harangi
456,2012-04-01,0.0,4.08,2839.12,34.0,30.0,28.8,Harangi
457,2012-04-02,2.51,4.07,2839.05,57.0,125.0,28.8,Harangi
458,2012-04-03,0.0,4.05,2838.91,48.0,200.0,28.8,Harangi
459,2012-04-04,0.1,4.04,2838.75,24.0,200.0,28.8,Harangi
460,2012-04-05,0.0,4.02,2838.59,24.0,200.0,28.8,Harangi
461,2012-04-06,0.0,4.0,2838.35,28.0,300.0,28.8,Harangi
462,2012-04-07,0.0,3.98,2838.16,38.0,250.0,28.8,Harangi
463,2012-04-08,0.0,3.95,2837.91,15.0,300.0,28.8,Harangi
464,2012-04-09,0.0,3.92,2837.67,27.0,300.0,28.8,Harangi
465,2012-04-10,0.0,3.91,2837.5,17.0,200.0,28.8,Harangi
466,2012-04-11,0.0,3.88,2837.2,10.0,350.0,28.8,Harangi
467,2012-04-12,0.0,3.86,2837.08,27.0,150.0,28.8,Harangi
468,2012-04-13,0.0,3.83,2836.75,24.0,400.0,28.8,Harangi
469,2012-04-14,0.0,3.81,2836.54,88.0,325.0,28.8,Harangi
470,2012-04-15,0.0,3.79,2836.33,63.0,300.0,28.8,Harangi
471,2012-04-16,0.1,3.76,2836.12,44.0,350.0,28.8,Harangi
472,2012-04-17,4.14,3.74,2835.91,68.0,300.0,28.8,Harangi
473,2012-04-18,0.0,3.73,2835.8,38.0,150.0,28.8,Harangi
474,2012-04-19,3.07,3.73,2835.82,44.0,0.0,28.8,Harangi
475,2012-04-20,0.0,3.74,2835.85,51.0,0.0,28.8,Harangi
476,2012-04-21,6.38,3.74,2835.9,75.0,0.0,28.8,Harangi
477,2012-04-22,0.25,3.76,2836.07,136.0,0.0,28.8,Harangi
478,2012-04-23,0.0,3.77,2836.15,112.0,0.0,28.8,Harangi
479,2012-04-24,1.83,3.77,2836.21,93.0,0.0,28.8,Harangi
480,2012-04-25,6.83,3.79,2836.33,160.0,0.0,28.8,Harangi
481,2012-04-26,4.71,3.79,2836.38,75.0,0.0,28.8,Harangi
482,2012-04-27,3.9,3.79,2836.4,39.0,0.0,28.8,Harangi
483,2012-04-28,0.82,3.79,2836.41,27.0,0.0,28.8,Harangi
484,2012-04-29,0.18,3.79,2836.42,27.0,0.0,28.8,Harangi
485,2012-04-30,0.06,3.79,2836.42,20.0,0.0,28.8,Harangi
486,2012-05-01,0.27,3.8,2836.5,117.0,0.0,27.7,Harangi
487,2012-05-02,0.07,3.81,2836.54,63.0,0.0,27.7,Harangi
488,2012-05-03,0.78,3.81,2836.56,39.0,0.0,27.7,Harangi
489,2012-05-04,5.57,3.81,2836.57,27.0,0.0,27.7,Harangi
490,2012-05-05,0.0,3.81,2836.58,27.0,0.0,27.7,Harangi
491,2012-05-06,0.0,3.81,2836.59,27.0,0.0,27.7,Harangi
492,2012-05-07,0.0,3.81,2836.6,27.0,0.0,27.7,Harangi
493,2012-05-08,0.0,3.81,2836.6,20.0,0.0,27.7,Harangi
494,2012-05-09,0.0,3.81,2836.57,27.0,43.0,27.7,Harangi
495,2012-05-10,0.0,3.81,2836.55,27.0,43.0,27.7,Harangi
496,2012-05-11,0.0,3.81,2836.52,27.0,43.0,27.7,Harangi
497,2012-05-12,57.36,3.8,2836.49,27.0,43.0,27.7,Harangi
498,2012-05-13,1.41,3.8,2836.46,27.0,43.0,27.7,Harangi
499,2012-05-14,0.0,3.81,2836.56,216.0,75.0,27.7,Harangi
500,2012-05-15,0.0,3.81,2836.54,72.0,75.0,27.7,Harangi
501,2012-05-16,0.0,3.79,2836.42,50.0,175.0,27.7,Harangi
502,2012-05-17,1.6,3.78,2836.29,34.0,175.0,27.7,Harangi
503,2012-05-18,0.0,3.78,2836.24,105.0,150.0,27.7,Harangi
504,2012-05-19,0.0,3.78,2836.23,100.0,100.0,27.7,Harangi
505,2012-05-20,0.0,3.78,2836.24,77.0,50.0,27.7,Harangi
506,2012-05-21,0.0,3.78,2836.24,37.0,10.0,27.7,Harangi
507,2012-05-22,0.79,3.78,2836.24,37.0,10.0,27.7,Harangi
508,2012-05-23,0.0,3.78,2836.26,27.0,0.0,27.7,Harangi
509,2012-05-24,0.0,3.78,2836.26,20.0,0.0,27.7,Harangi
510,2012-05-25,0.06,3.78,2836.27,33.0,0.0,27.7,Harangi
511,2012-05-26,0.0,3.78,2836.32,75.0,0.0,27.7,Harangi
512,2012-05-27,0.0,3.79,2836.33,27.0,0.0,27.7,Harangi
513,2012-05-28,0.0,3.79,2836.33,15.0,0.0,27.7,Harangi
514,2012-05-29,0.0,3.79,2836.39,87.0,0.0,27.7,Harangi
515,2012-05-30,1.21,3.79,2836.4,27.0,0.0,27.7,Harangi
516,2012-05-31,0.0,1.82,2809.5,14.0,578.0,27.7,Harangi
517,2012-06-01,0.0,1.77,2809.0,12.0,560.0,25.7,Harangi
518,2012-06-02,6.88,1.73,2808.0,14.0,490.0,25.7,Harangi
519,2012-06-03,1.21,1.69,2808.0,15.0,475.0,25.7,Harangi
520,2012-06-04,11.53,1.64,2807.0,14.0,490.0,25.7,Harangi
521,2012-06-05,41.45,1.6,2806.0,16.0,485.0,25.7,Harangi
522,2012-06-06,60.66,1.56,2806.0,15.0,470.0,25.7,Harangi
523,2012-06-07,53.57,1.52,2805.0,13.0,445.0,25.7,Harangi
524,2012-06-08,14.4,1.52,2805.0,13.0,445.0,25.7,Harangi
525,2012-06-09,8.08,1.45,2804.27,26.0,370.0,25.7,Harangi
526,2012-06-10,7.1,1.43,2804.0,23.0,270.0,25.7,Harangi
527,2012-06-11,4.32,1.42,2804.0,121.0,250.0,25.7,Harangi
528,2012-06-12,21.66,1.41,2803.0,81.0,250.0,25.7,Harangi
529,2012-06-13,13.91,1.39,2803.0,58.0,250.0,25.7,Harangi
530,2012-06-14,24.44,4.05,2838.84,593.0,0.0,25.7,Harangi
531,2012-06-15,9.69,1.35,2802.0,70.0,250.0,25.7,Harangi
532,2012-06-16,22.26,1.35,2802.0,105.0,125.0,25.7,Harangi
533,2012-06-17,29.71,1.36,2802.0,111.0,0.0,25.7,Harangi
534,2012-06-18,85.97,1.36,2802.48,111.0,0.0,25.7,Harangi
535,2012-06-19,61.85,1.54,2805.5,1806.0,0.0,25.7,Harangi
536,2012-06-20,54.28,1.66,2807.3,1453.0,0.0,25.7,Harangi
537,2012-06-21,12.5,1.73,2808.27,788.0,0.0,25.7,Harangi
538,2012-06-22,13.4,1.78,2809.01,603.0,0.0,25.7,Harangi
539,2012-06-23,5.58,1.83,2809.75,604.0,0.0,25.7,Harangi
540,2012-06-24,4.94,1.87,2810.22,388.0,0.0,25.7,Harangi
541,2012-06-25,6.12,1.89,2810.54,267.0,0.0,25.7,Harangi
542,2012-06-26,2.57,1.91,2810.83,244.0,0.0,25.7,Harangi
543,2012-06-27,11.02,1.93,2811.09,220.0,0.0,25.7,Harangi
544,2012-06-28,65.73,1.95,2811.44,290.0,0.0,25.7,Harangi
545,2012-06-29,70.89,1.98,2811.89,372.0,0.0,25.7,Harangi
546,2012-06-30,17.28,2.03,2812.56,549.0,0.0,25.7,Harangi
547,2012-07-01,10.32,2.08,2813.28,589.0,0.0,24.8,Harangi
548,2012-07-02,28.0,2.14,2814.11,704.0,0.0,24.8,Harangi
549,2012-07-03,23.93,2.32,2816.12,2116.0,0.0,24.8,Harangi
550,2012-07-04,2.95,2.43,2817.38,1331.0,0.0,24.8,Harangi
551,2012-07-05,3.7,2.54,2818.58,1269.0,0.0,24.8,Harangi
552,2012-07-06,4.47,2.62,2819.44,914.0,0.0,24.8,Harangi
553,2012-07-07,6.45,2.69,2820.16,663.0,0.0,24.8,Harangi
554,2012-07-08,10.58,2.73,2820.68,663.0,0.0,24.8,Harangi
555,2012-07-09,6.14,2.8,2821.4,768.0,0.0,24.8,Harangi
556,2012-07-10,19.64,2.86,2822.12,768.0,0.0,24.8,Harangi
557,2012-07-11,6.64,2.94,2823.0,936.0,0.0,24.8,Harangi
558,2012-07-12,15.68,3.01,2823.74,789.0,0.0,24.8,Harangi
559,2012-07-13,1.9,3.06,2824.49,573.0,0.0,24.8,Harangi
560,2012-07-14,7.85,3.09,2825.1,372.0,0.0,24.8,Harangi
561,2012-07-15,11.92,3.12,2825.73,384.0,0.0,24.8,Harangi
562,2012-07-16,6.23,3.17,2826.62,538.0,0.0,24.8,Harangi
563,2012-07-17,2.19,3.2,2827.29,409.0,0.0,24.8,Harangi
564,2012-07-18,18.37,3.27,2828.64,811.0,0.0,24.8,Harangi
565,2012-07-19,14.09,3.34,2829.99,811.0,0.0,24.8,Harangi
566,2012-07-20,0.37,3.39,2830.9,552.0,0.0,24.8,Harangi
567,2012-07-21,6.41,3.43,2831.85,575.0,0.0,24.8,Harangi
568,2012-07-22,31.25,3.49,2833.05,719.0,0.0,24.8,Harangi
569,2012-07-23,16.6,3.75,2835.95,2917.0,0.0,24.8,Harangi
570,2012-07-24,25.62,3.98,2838.22,2740.0,0.0,24.8,Harangi
571,2012-07-25,2.93,4.17,2840.01,2163.0,0.0,24.8,Harangi
572,2012-07-26,36.33,4.37,2841.96,2356.0,0.0,24.8,Harangi
573,2012-07-27,43.76,4.87,2845.29,5789.0,0.0,24.8,Harangi
574,2012-07-28,22.72,5.62,2848.68,8747.0,0.0,24.8,Harangi
575,2012-07-29,17.45,6.11,2850.86,5630.0,0.0,24.8,Harangi
576,2012-07-30,3.85,6.45,2852.41,4007.0,0.0,24.8,Harangi
577,2012-07-31,3.89,6.7,2853.5,2866.0,44.0,24.8,Harangi
578,2012-08-01,3.87,6.9,2854.28,2618.0,219.0,24.7,Harangi
579,2012-08-02,2.17,7.16,2855.04,3302.0,310.0,24.7,Harangi
580,2012-08-03,3.82,7.35,2855.61,2248.0,400.0,24.7,Harangi
581,2012-08-04,3.91,7.52,2856.09,3563.0,650.0,24.7,Harangi
582,2012-08-05,2.48,7.71,2856.66,3114.0,867.0,24.7,Harangi
583,2012-08-06,51.15,7.86,2857.12,3628.0,0.0,24.7,Harangi
584,2012-08-07,73.38,7.78,2856.87,9074.0,0.0,24.7,Harangi
585,2012-08-08,36.53,7.61,2856.36,6800.0,0.0,24.7,Harangi
586,2012-08-09,38.91,7.83,2857.01,7436.0,0.0,24.7,Harangi
587,2012-08-10,33.03,7.82,2857.0,7501.0,0.0,24.7,Harangi
588,2012-08-11,37.74,7.65,2856.5,5348.0,0.0,24.7,Harangi
589,2012-08-12,32.55,7.72,2856.69,6409.0,0.0,24.7,Harangi
590,2012-08-13,12.23,7.7,2856.62,4841.0,4300.0,24.7,Harangi
591,2012-08-14,2.18,7.75,2856.79,3973.0,3292.0,24.7,Harangi
592,2012-08-15,1.01,7.8,2856.94,2787.0,2186.0,24.7,Harangi
593,2012-08-16,10.09,7.86,2857.12,2712.0,1992.0,24.7,Harangi
594,2012-08-17,5.35,7.89,2857.19,1930.0,1641.0,24.7,Harangi
595,2012-08-18,17.19,7.95,2857.36,2230.0,1550.0,24.7,Harangi
596,2012-08-19,14.69,8.03,2857.6,2505.0,1550.0,24.7,Harangi
597,2012-08-20,0.25,8.1,2857.81,2623.0,1550.0,24.7,Harangi
598,2012-08-21,0.63,8.09,2857.8,1526.0,1550.0,24.7,Harangi
599,2012-08-22,0.0,8.06,2857.69,1134.0,1550.0,24.7,Harangi
600,2012-08-23,0.0,7.99,2857.5,861.0,1590.0,24.7,Harangi
601,2012-08-24,2.79,7.9,2857.22,518.0,1600.0,24.7,Harangi
602,2012-08-25,7.73,7.8,2856.93,479.0,1600.0,24.7,Harangi
603,2012-08-26,38.27,7.7,2856.64,479.0,1600.0,24.7,Harangi
604,2012-08-27,11.47,7.7,2856.64,479.0,1600.0,24.7,Harangi
605,2012-08-28,25.09,7.91,2857.25,2347.0,1471.0,24.7,Harangi
606,2012-08-29,29.46,8.03,2857.62,2904.0,1440.0,24.7,Harangi
607,2012-08-30,33.96,8.2,2858.1,5798.0,3896.0,24.7,Harangi
608,2012-08-31,27.42,8.11,2857.86,5225.0,6150.0,24.7,Harangi
609,2012-09-01,29.92,8.11,2857.86,5225.0,6150.0,25.3,Harangi
610,2012-09-02,12.74,8.11,2857.85,5319.0,4913.0,25.3,Harangi
611,2012-09-03,15.52,8.28,2858.36,6162.0,4150.0,25.3,Harangi
612,2012-09-04,41.57,8.3,2858.42,5867.0,5617.0,25.3,Harangi
613,2012-09-05,12.6,8.09,2857.8,5494.0,7908.0,25.3,Harangi
614,2012-09-06,4.66,8.05,2857.68,4411.0,4959.0,25.3,Harangi
615,2012-09-07,10.57,8.07,2857.72,3854.0,3683.0,25.3,Harangi
616,2012-09-08,18.97,8.08,2857.77,3378.0,3167.0,25.3,Harangi
617,2012-09-09,6.07,8.07,2857.74,2693.0,2913.0,25.3,Harangi
618,2012-09-10,12.45,8.04,2857.64,2178.0,2555.0,25.3,Harangi
619,2012-09-11,1.84,8.05,2857.66,1870.0,1777.0,25.3,Harangi
620,2012-09-12,16.13,8.01,2857.56,1581.0,1958.0,25.3,Harangi
621,2012-09-13,7.03,7.96,2857.41,1427.0,2000.0,25.3,Harangi
622,2012-09-14,19.75,7.88,2857.17,1174.0,2100.0,25.3,Harangi
623,2012-09-15,10.92,7.79,2856.89,1068.0,2150.0,25.3,Harangi
624,2012-09-16,14.01,7.69,2856.6,1029.0,2150.0,25.3,Harangi
625,2012-09-17,16.37,8.34,2858.52,3681.0,4833.0,25.3,Harangi
626,2012-09-18,7.93,8.33,2858.51,2892.0,2908.0,25.3,Harangi
627,2012-09-19,15.42,8.33,2858.51,2636.0,2613.0,25.3,Harangi
628,2012-09-20,0.18,8.33,2858.51,2431.0,2408.0,25.3,Harangi
629,2012-09-21,0.0,8.34,2858.52,1976.0,1913.0,25.3,Harangi
630,2012-09-22,0.13,8.33,2858.51,1784.0,1800.0,25.3,Harangi
631,2012-09-23,0.13,8.32,2858.47,1567.0,1700.0,25.3,Harangi
632,2012-09-24,0.0,6.76,2853.79,504.0,1650.0,25.3,Harangi
633,2012-09-25,0.13,6.68,2853.41,609.0,1567.0,25.3,Harangi
634,2012-09-26,0.0,6.58,2852.99,589.0,1650.0,25.3,Harangi
635,2012-09-27,0.14,6.48,2852.54,512.0,1650.0,25.3,Harangi
636,2012-09-28,3.18,6.38,2852.07,460.0,1650.0,25.3,Harangi
637,2012-09-29,0.33,6.28,2851.61,486.0,1650.0,25.3,Harangi
638,2012-09-30,0.31,6.18,2851.16,511.0,1650.0,25.3,Harangi
639,2012-10-01,15.19,6.12,2850.9,891.0,1541.0,25.0,Harangi
640,2012-10-02,5.84,6.04,2850.56,586.0,1442.0,25.0,Harangi
641,2012-10-03,11.26,5.97,2850.22,632.0,1488.0,25.0,Harangi
642,2012-10-04,0.21,5.87,2849.77,361.0,1500.0,25.0,Harangi
643,2012-10-05,2.45,5.32,2847.3,361.0,6706.0,25.0,Harangi
644,2012-10-06,0.0,5.14,2846.52,361.0,2352.0,25.0,Harangi
645,2012-10-07,0.13,5.03,2846.0,229.0,1550.0,25.0,Harangi
646,2012-10-08,0.18,4.99,2845.83,314.0,0.0,25.0,Harangi
647,2012-10-09,24.29,4.95,2845.66,187.0,813.0,25.0,Harangi
648,2012-10-10,2.36,4.88,2845.33,168.0,1000.0,25.0,Harangi
649,2012-10-11,0.0,4.79,2844.93,188.0,1200.0,25.0,Harangi
650,2012-10-12,0.07,4.66,2844.34,98.0,1600.0,25.0,Harangi
651,2012-10-13,0.03,4.55,2843.72,205.0,1400.0,25.0,Harangi
652,2012-10-14,0.63,4.49,2843.1,272.0,1000.0,25.0,Harangi
653,2012-10-15,10.79,4.43,2842.5,146.0,850.0,25.0,Harangi
654,2012-10-16,5.67,4.39,2842.1,736.0,1200.0,25.0,Harangi
655,2012-10-17,0.14,4.33,2841.6,316.0,900.0,25.0,Harangi
656,2012-10-18,0.19,4.28,2841.07,280.0,900.0,25.0,Harangi
657,2012-10-19,0.0,4.22,2840.49,219.0,900.0,25.0,Harangi
658,2012-10-20,7.01,4.16,2839.95,167.0,800.0,25.0,Harangi
659,2012-10-21,5.81,4.12,2839.52,119.0,700.0,25.0,Harangi
660,2012-10-22,4.27,4.14,2839.75,293.0,0.0,25.0,Harangi
661,2012-10-23,5.34,4.16,2839.95,257.0,0.0,25.0,Harangi
662,2012-10-24,0.0,4.18,2840.16,269.0,0.0,25.0,Harangi
663,2012-10-25,0.0,4.2,2840.35,245.0,0.0,25.0,Harangi
664,2012-10-26,0.07,4.22,2840.53,233.0,0.0,25.0,Harangi
665,2012-10-27,0.37,4.24,2840.71,233.0,0.0,25.0,Harangi
666,2012-10-28,0.0,4.26,2840.85,185.0,0.0,25.0,Harangi
667,2012-10-29,0.0,4.27,2841.02,221.0,0.0,25.0,Harangi
668,2012-10-30,0.55,4.24,2840.73,502.0,833.0,25.0,Harangi
669,2012-10-31,0.05,4.17,2840.0,627.0,1488.0,25.0,Harangi
670,2012-11-01,22.7,4.09,2839.24,620.0,1517.0,24.1,Harangi
671,2012-11-02,46.12,4.11,2839.46,1531.0,1250.0,24.1,Harangi
672,2012-11-03,10.67,4.1,2839.35,108.0,1200.0,24.1,Harangi
673,2012-11-04,1.71,4.04,2838.82,909.0,1529.0,24.1,Harangi
674,2012-11-05,47.27,4.07,2839.06,1668.0,1363.0,24.1,Harangi
675,2012-11-06,0.56,4.03,2838.69,629.0,1525.0,24.1,Harangi
676,2012-11-07,0.0,3.97,2838.06,859.0,1600.0,24.1,Harangi
677,2012-11-08,0.01,3.93,2837.71,662.0,1066.0,24.1,Harangi
678,2012-11-09,0.05,3.87,2837.15,726.0,1383.0,24.1,Harangi
679,2012-11-10,0.0,3.79,2836.4,714.0,1600.0,24.1,Harangi
680,2012-11-11,0.08,3.71,2835.63,689.0,1600.0,24.1,Harangi
681,2012-11-12,0.0,3.63,2834.84,665.0,1600.0,24.1,Harangi
682,2012-11-13,1.44,3.56,2834.19,546.0,1313.0,24.1,Harangi
683,2012-11-14,0.0,3.51,2833.36,866.0,1458.0,24.1,Harangi
684,2012-11-15,0.0,3.48,2832.83,693.0,992.0,24.1,Harangi
685,2012-11-16,0.0,3.49,2832.91,237.0,175.0,24.1,Harangi
686,2012-11-17,0.0,3.47,2832.61,237.0,1400.0,24.1,Harangi
687,2012-11-18,0.0,3.45,2832.24,245.0,1000.0,24.1,Harangi
688,2012-11-19,0.0,3.43,2831.69,289.0,1100.0,24.1,Harangi
689,2012-11-20,0.0,3.4,2831.12,277.0,1100.0,24.1,Harangi
690,2012-11-21,0.0,3.35,2830.26,255.0,1500.0,24.1,Harangi
691,2012-11-22,0.0,3.31,2829.43,273.0,1100.0,24.1,Harangi
692,2012-11-23,0.36,3.26,2828.49,257.0,1450.0,24.1,Harangi
693,2012-11-24,0.13,3.21,2827.46,254.0,1600.0,24.1,Harangi
694,2012-11-25,0.18,3.16,2826.42,248.0,1600.0,24.1,Harangi
695,2012-11-26,0.0,3.1,2844.74,247.0,1600.0,24.1,Harangi
696,2012-11-27,0.0,3.05,2844.96,223.0,1600.0,24.1,Harangi
697,2012-11-28,0.0,2.96,2845.18,386.0,1400.0,24.1,Harangi
698,2012-11-29,0.0,2.95,2845.4,330.0,476.0,24.1,Harangi
699,2012-11-30,0.0,2.92,2822.8,110.0,350.0,24.1,Harangi
700,2012-12-01,0.0,3.77,2836.18,462.0,1300.0,23.5,Harangi
701,2012-12-02,0.0,2.88,2822.33,120.0,350.0,23.5,Harangi
702,2012-12-03,0.0,2.86,2822.1,120.0,350.0,23.5,Harangi
703,2012-12-04,0.54,2.84,2821.85,99.0,350.0,23.5,Harangi
704,2012-12-05,8.16,2.83,2821.77,227.0,300.0,23.5,Harangi
705,2012-12-06,0.01,2.75,2820.92,264.0,1142.0,23.5,Harangi
706,2012-12-07,0.0,2.65,2819.76,297.0,1500.0,23.5,Harangi
707,2012-12-08,0.0,2.54,2818.54,284.0,1550.0,23.5,Harangi
708,2012-12-09,0.0,2.42,2817.17,227.0,1650.0,23.5,Harangi
709,2012-12-10,0.0,2.29,2815.76,184.0,1650.0,23.5,Harangi
710,2012-12-11,0.0,2.16,2814.3,132.0,1650.0,23.5,Harangi
711,2012-12-12,0.0,2.04,2812.77,259.0,1550.0,23.5,Harangi
712,2012-12-13,0.0,1.94,2811.21,258.0,1500.0,23.5,Harangi
713,2012-12-14,0.0,1.82,2809.6,218.0,1500.0,23.5,Harangi
714,2012-12-15,0.0,1.73,2808.25,226.0,1300.0,23.5,Harangi
715,2012-12-16,0.0,1.63,2806.73,189.0,1400.0,23.5,Harangi
716,2012-12-17,0.0,1.51,2805.01,129.0,1500.0,23.5,Harangi
717,2012-12-18,0.0,1.39,2803.1,133.0,1450.0,23.5,Harangi
718,2012-12-19,0.0,1.3,2801.21,226.0,1300.0,23.5,Harangi
719,2012-12-20,0.0,1.2,2799.31,220.0,1300.0,23.5,Harangi
720,2012-12-21,0.0,1.12,2797.5,221.0,1250.0,23.5,Harangi
721,2012-12-22,0.0,1.03,2795.75,255.0,1250.0,23.5,Harangi
722,2012-12-23,0.0,0.95,2794.06,239.0,1200.0,23.5,Harangi
723,2012-12-24,0.0,0.89,2792.46,232.0,900.0,23.5,Harangi
724,2012-12-25,0.0,0.81,2790.36,230.0,1100.0,23.5,Harangi
725,2012-12-26,0.0,0.73,2788.21,213.0,1100.0,23.5,Harangi
726,2012-12-27,0.0,0.67,2786.41,211.0,950.0,23.5,Harangi
727,2012-12-28,0.0,0.62,2784.94,236.0,950.0,23.5,Harangi
728,2012-12-29,0.0,0.58,2783.77,151.0,500.0,23.5,Harangi
729,2012-12-30,2.24,0.56,2782.9,141.0,400.0,23.5,Harangi
730,2012-12-31,0.0,0.54,2782.28,116.0,300.0,23.5,Harangi
731,2013-01-01,0.0,1.76,2808.74,66.0,630.0,23.7,Harangi
732,2013-01-02,0.0,3.76,2836.09,239.0,0.0,23.7,Harangi
733,2013-01-03,0.0,3.77,2836.22,166.0,0.0,23.7,Harangi
734,2013-01-04,0.0,3.78,2836.31,118.0,0.0,23.7,Harangi
735,2013-01-05,0.0,3.79,2836.41,130.0,0.0,23.7,Harangi
736,2013-01-06,0.0,3.81,2836.54,167.0,0.0,23.7,Harangi
737,2013-01-07,0.0,3.82,2836.63,118.0,0.0,23.7,Harangi
738,2013-01-08,0.0,3.83,2836.73,131.0,0.0,23.7,Harangi
739,2013-01-09,0.0,3.84,2836.81,112.0,0.0,23.7,Harangi
740,2013-01-10,0.0,3.85,2836.93,160.0,0.0,23.7,Harangi
741,2013-01-11,0.0,3.86,2837.06,172.0,0.0,23.7,Harangi
742,2013-01-12,0.0,3.88,2837.23,100.0,0.0,23.7,Harangi
743,2013-01-13,0.0,3.88,2837.23,100.0,0.0,23.7,Harangi
744,2013-01-14,0.0,3.89,2837.3,100.0,0.0,23.7,Harangi
745,2013-01-15,0.0,3.89,2837.37,100.0,0.0,23.7,Harangi
746,2013-01-16,0.0,3.9,2837.45,112.0,0.0,23.7,Harangi
747,2013-01-17,0.0,3.91,2837.52,100.0,0.0,23.7,Harangi
748,2013-01-18,0.0,3.92,2837.61,124.0,0.0,23.7,Harangi
749,2013-01-19,0.0,3.93,2837.68,100.0,0.0,23.7,Harangi
750,2013-01-20,0.0,3.93,2837.76,112.0,0.0,23.7,Harangi
751,2013-01-21,0.0,3.94,2837.83,100.0,0.0,23.7,Harangi
752,2013-01-22,0.0,0.77,2789.12,91.0,0.0,23.7,Harangi
753,2013-01-23,0.0,0.77,2789.32,87.0,0.0,23.7,Harangi
754,2013-01-24,0.0,0.78,2789.5,79.0,0.0,23.7,Harangi
755,2013-01-25,0.0,0.79,2789.66,70.0,0.0,23.7,Harangi
756,2013-01-26,0.0,0.79,2789.84,79.0,0.0,23.7,Harangi
757,2013-01-27,0.0,0.8,2789.99,66.0,0.0,23.7,Harangi
758,2013-01-28,0.0,0.8,2790.15,70.0,0.0,23.7,Harangi
759,2013-01-29,0.0,0.81,2790.3,66.0,0.0,23.7,Harangi
760,2013-01-30,0.0,0.82,2790.45,66.0,0.0,23.7,Harangi
761,2013-01-31,0.0,0.82,2790.62,75.0,0.0,23.7,Harangi
762,2013-02-01,0.0,0.83,2790.77,66.0,0.0,25.5,Harangi
763,2013-02-02,0.0,0.83,2791.0,66.0,0.0,25.5,Harangi
764,2013-02-03,0.0,0.84,2791.04,66.0,0.0,25.5,Harangi
765,2013-02-04,0.0,0.84,2791.16,54.0,0.0,25.5,Harangi
766,2013-02-05,0.0,0.85,2791.29,58.0,0.0,25.5,Harangi
767,2013-02-06,0.0,0.85,2791.4,58.0,0.0,25.5,Harangi
768,2013-02-07,0.0,0.85,2791.53,58.0,0.0,25.5,Harangi
769,2013-02-08,0.54,0.86,2791.65,54.0,0.0,25.5,Harangi
770,2013-02-09,0.29,0.86,2791.79,62.0,0.0,25.5,Harangi
771,2013-02-10,6.39,0.87,2791.95,71.0,0.0,25.5,Harangi
772,2013-02-11,0.0,0.88,2792.18,876.0,0.0,25.5,Harangi
773,2013-02-12,0.0,4.04,2838.77,52.0,0.0,25.5,Harangi
774,2013-02-13,0.0,4.04,2838.79,39.0,0.0,25.5,Harangi
775,2013-02-14,0.0,4.04,2838.81,41.0,0.0,25.5,Harangi
776,2013-02-15,0.88,4.05,2838.83,40.0,0.0,25.5,Harangi
777,2013-02-16,2.35,4.05,2838.86,52.0,0.0,25.5,Harangi
778,2013-02-17,1.46,4.05,2838.9,64.0,0.0,25.5,Harangi
779,2013-02-18,0.91,4.05,2838.91,28.0,0.0,25.5,Harangi
780,2013-02-19,0.0,4.06,2838.94,52.0,0.0,25.5,Harangi
781,2013-02-20,0.98,4.06,2838.97,52.0,0.0,25.5,Harangi
782,2013-02-21,0.0,4.06,2838.99,40.0,0.0,25.5,Harangi
783,2013-02-22,0.0,4.07,2839.02,52.0,0.0,25.5,Harangi
784,2013-02-23,0.0,4.07,2839.04,40.0,0.0,25.5,Harangi
785,2013-02-24,0.0,4.07,2839.06,40.0,0.0,25.5,Harangi
786,2013-02-25,0.0,4.08,2839.13,100.0,0.0,25.5,Harangi
787,2013-02-26,0.0,4.1,2839.33,256.0,0.0,25.5,Harangi
788,2013-02-27,0.0,4.1,2839.35,40.0,0.0,25.5,Harangi
789,2013-02-28,0.0,4.1,2839.36,28.0,0.0,25.5,Harangi
790,2013-03-01,0.0,4.1,2839.39,52.0,0.0,27.7,Harangi
791,2013-03-02,0.0,4.11,2839.41,40.0,0.0,27.7,Harangi
792,2013-03-03,0.0,4.11,2839.41,22.0,0.0,27.7,Harangi
793,2013-03-04,0.0,4.11,2839.42,34.0,0.0,27.7,Harangi
794,2013-03-05,0.0,4.11,2839.42,34.0,0.0,27.7,Harangi
795,2013-03-06,0.0,4.11,2839.43,34.0,0.0,27.7,Harangi
796,2013-03-07,2.22,4.11,2839.43,22.0,0.0,27.7,Harangi
797,2013-03-08,19.96,4.11,2839.43,22.0,0.0,27.7,Harangi
798,2013-03-09,0.06,4.11,2839.44,23.0,0.0,27.7,Harangi
799,2013-03-10,0.61,4.11,2839.43,29.0,0.0,27.7,Harangi
800,2013-03-11,0.37,4.11,2839.43,29.0,0.0,27.7,Harangi
801,2013-03-12,13.44,4.11,2839.43,29.0,0.0,27.7,Harangi
802,2013-03-13,0.0,4.11,2839.43,29.0,0.0,27.7,Harangi
803,2013-03-14,0.72,4.11,2839.43,29.0,0.0,27.7,Harangi
804,2013-03-15,0.01,4.11,2839.43,31.0,0.0,27.7,Harangi
805,2013-03-16,0.12,4.11,2839.44,34.0,0.0,27.7,Harangi
806,2013-03-17,4.88,4.11,2839.41,36.0,50.0,27.7,Harangi
807,2013-03-18,0.0,4.1,2839.39,32.0,40.0,27.7,Harangi
808,2013-03-19,4.67,4.1,2839.36,20.0,40.0,27.7,Harangi
809,2013-03-20,0.0,4.09,2839.33,20.0,40.0,27.7,Harangi
810,2013-03-21,0.0,4.09,2839.3,14.0,40.0,27.7,Harangi
811,2013-03-22,0.0,4.09,2839.28,27.0,40.0,27.7,Harangi
812,2013-03-23,0.0,4.09,2839.26,32.0,40.0,27.7,Harangi
813,2013-03-24,0.0,4.09,2839.24,32.0,40.0,27.7,Harangi
814,2013-03-25,0.0,4.09,2839.22,32.0,40.0,27.7,Harangi
815,2013-03-26,0.0,4.08,2839.2,32.0,40.0,27.7,Harangi
816,2013-03-27,0.92,4.08,2839.18,32.0,40.0,27.7,Harangi
817,2013-03-28,0.0,4.08,2839.16,38.0,40.0,27.7,Harangi
818,2013-03-29,1.01,4.08,2839.16,38.0,40.0,27.7,Harangi
819,2013-03-30,0.0,4.08,2839.14,23.0,50.0,27.7,Harangi
820,2013-03-31,0.0,4.08,2839.13,50.0,40.0,27.7,Harangi
821,2013-04-01,0.07,4.08,2839.12,34.0,30.0,29.0,Harangi
822,2013-04-02,3.8,4.07,2839.05,57.0,125.0,29.0,Harangi
823,2013-04-03,0.53,4.05,2838.91,48.0,200.0,29.0,Harangi
824,2013-04-04,0.0,4.04,2838.75,24.0,200.0,29.0,Harangi
825,2013-04-05,0.0,4.02,2838.59,24.0,200.0,29.0,Harangi
826,2013-04-06,1.85,4.0,2838.35,28.0,300.0,29.0,Harangi
827,2013-04-07,0.0,3.98,2838.16,38.0,250.0,29.0,Harangi
828,2013-04-08,0.0,3.95,2837.91,15.0,300.0,29.0,Harangi
829,2013-04-09,0.0,3.92,2837.67,27.0,300.0,29.0,Harangi
830,2013-04-10,0.67,3.91,2837.5,17.0,200.0,29.0,Harangi
831,2013-04-11,1.2,3.88,2837.2,10.0,350.0,29.0,Harangi
832,2013-04-12,0.0,3.86,2837.08,27.0,150.0,29.0,Harangi
833,2013-04-13,0.0,3.83,2836.75,24.0,400.0,29.0,Harangi
834,2013-04-14,0.0,3.81,2836.54,88.0,325.0,29.0,Harangi
835,2013-04-15,0.0,3.79,2836.33,63.0,300.0,29.0,Harangi
836,2013-04-16,1.45,3.76,2836.12,44.0,350.0,29.0,Harangi
837,2013-04-17,0.0,3.74,2835.91,68.0,300.0,29.0,Harangi
838,2013-04-18,0.0,3.73,2835.8,38.0,150.0,29.0,Harangi
839,2013-04-19,0.0,3.73,2835.82,44.0,0.0,29.0,Harangi
840,2013-04-20,0.0,3.74,2835.85,51.0,0.0,29.0,Harangi
841,2013-04-21,0.0,3.74,2835.9,75.0,0.0,29.0,Harangi
842,2013-04-22,0.0,3.76,2836.07,136.0,0.0,29.0,Harangi
843,2013-04-23,0.35,3.77,2836.15,112.0,0.0,29.0,Harangi
844,2013-04-24,5.53,3.77,2836.21,93.0,0.0,29.0,Harangi
845,2013-04-25,0.0,3.79,2836.33,160.0,0.0,29.0,Harangi
846,2013-04-26,3.58,3.79,2836.38,75.0,0.0,29.0,Harangi
847,2013-04-27,8.52,3.79,2836.4,39.0,0.0,29.0,Harangi
848,2013-04-28,0.97,3.79,2836.41,27.0,0.0,29.0,Harangi
849,2013-04-29,10.85,3.79,2836.42,27.0,0.0,29.0,Harangi
850,2013-04-30,0.65,3.79,2836.42,20.0,0.0,29.0,Harangi
851,2013-05-01,0.0,3.8,2836.5,117.0,0.0,27.8,Harangi
852,2013-05-02,0.0,3.81,2836.54,63.0,0.0,27.8,Harangi
853,2013-05-03,0.05,3.81,2836.56,39.0,0.0,27.8,Harangi
854,2013-05-04,1.61,3.81,2836.57,27.0,0.0,27.8,Harangi
855,2013-05-05,5.62,3.81,2836.58,27.0,0.0,27.8,Harangi
856,2013-05-06,3.78,3.81,2836.59,27.0,0.0,27.8,Harangi
857,2013-05-07,1.03,3.81,2836.6,27.0,0.0,27.8,Harangi
858,2013-05-08,0.0,3.81,2836.6,20.0,0.0,27.8,Harangi
859,2013-05-09,0.13,3.81,2836.57,27.0,43.0,27.8,Harangi
860,2013-05-10,0.7,3.81,2836.55,27.0,43.0,27.8,Harangi
861,2013-05-11,7.67,3.81,2836.52,27.0,43.0,27.8,Harangi
862,2013-05-12,10.12,3.8,2836.49,27.0,43.0,27.8,Harangi
863,2013-05-13,2.58,3.8,2836.46,27.0,43.0,27.8,Harangi
864,2013-05-14,0.0,3.81,2836.56,216.0,75.0,27.8,Harangi
865,2013-05-15,0.0,3.81,2836.54,72.0,75.0,27.8,Harangi
866,2013-05-16,0.0,3.79,2836.42,50.0,175.0,27.8,Harangi
867,2013-05-17,0.0,3.78,2836.29,34.0,175.0,27.8,Harangi
868,2013-05-18,0.25,3.78,2836.24,105.0,150.0,27.8,Harangi
869,2013-05-19,4.45,3.78,2836.23,100.0,100.0,27.8,Harangi
870,2013-05-20,0.04,3.78,2836.24,77.0,50.0,27.8,Harangi
871,2013-05-21,23.46,3.78,2836.24,37.0,10.0,27.8,Harangi
872,2013-05-22,0.1,3.78,2836.24,37.0,10.0,27.8,Harangi
873,2013-05-23,0.16,3.78,2836.26,27.0,0.0,27.8,Harangi
874,2013-05-24,0.0,3.78,2836.26,20.0,0.0,27.8,Harangi
875,2013-05-25,0.0,3.78,2836.27,33.0,0.0,27.8,Harangi
876,2013-05-26,1.99,3.78,2836.32,75.0,0.0,27.8,Harangi
877,2013-05-27,8.79,3.79,2836.33,27.0,0.0,27.8,Harangi
878,2013-05-28,1.48,3.79,2836.33,15.0,0.0,27.8,Harangi
879,2013-05-29,3.15,3.79,2836.39,87.0,0.0,27.8,Harangi
880,2013-05-30,0.63,3.79,2836.4,27.0,0.0,27.8,Harangi
881,2013-05-31,10.23,1.82,2809.5,14.0,578.0,27.8,Harangi
882,2013-06-01,22.71,1.77,2809.0,12.0,560.0,24.6,Harangi
883,2013-06-02,1.48,1.73,2808.0,14.0,490.0,24.6,Harangi
884,2013-06-03,15.13,1.69,2808.0,15.0,475.0,24.6,Harangi
885,2013-06-04,2.13,1.64,2807.0,14.0,490.0,24.6,Harangi
886,2013-06-05,5.84,1.6,2806.0,16.0,485.0,24.6,Harangi
887,2013-06-06,1.57,1.56,2806.0,15.0,470.0,24.6,Harangi
888,2013-06-07,7.21,1.52,2805.0,13.0,445.0,24.6,Harangi
889,2013-06-08,4.27,1.52,2805.0,13.0,445.0,24.6,Harangi
890,2013-06-09,9.32,1.45,2804.27,26.0,370.0,24.6,Harangi
891,2013-06-10,6.69,1.43,2804.0,23.0,270.0,24.6,Harangi
892,2013-06-11,14.38,1.39,2803.02,360.0,0.0,24.6,Harangi
893,2013-06-12,25.49,1.52,2805.28,1595.0,0.0,24.6,Harangi
894,2013-06-13,6.62,1.62,2806.69,1137.0,0.0,24.6,Harangi
895,2013-06-14,18.85,1.74,2808.37,1354.0,0.0,24.6,Harangi
896,2013-06-15,19.51,1.35,2810.65,1836.0,0.0,24.6,Harangi
897,2013-06-16,37.22,2.11,2813.76,2501.0,0.0,24.6,Harangi
898,2013-06-17,21.14,2.43,2817.31,3662.0,0.0,24.6,Harangi
899,2013-06-18,26.77,1.38,2821.05,3920.0,0.0,24.6,Harangi
900,2013-06-19,6.33,2.98,2823.43,2498.0,0.0,24.6,Harangi
901,2013-06-20,20.39,3.1,2825.31,1320.0,0.0,24.6,Harangi
902,2013-06-21,1.81,3.17,2826.75,919.0,0.0,24.6,Harangi
903,2013-06-22,8.07,3.24,2828.05,777.0,0.0,24.6,Harangi
904,2013-06-23,9.04,3.32,2829.62,937.0,0.0,24.6,Harangi
905,2013-06-24,12.57,3.41,2831.45,1091.0,0.0,24.6,Harangi
906,2013-06-25,46.53,3.83,2836.75,4825.0,0.0,24.6,Harangi
907,2013-06-26,38.15,1.91,2843.95,8670.0,0.0,24.6,Harangi
908,2013-06-27,21.38,5.77,2849.34,13831.0,0.0,24.6,Harangi
909,2013-06-28,5.15,6.55,2852.86,9083.0,0.0,24.6,Harangi
910,2013-06-29,4.27,7.1,2854.87,5193.0,0.0,24.6,Harangi
911,2013-06-30,0.42,7.56,2856.23,6507.0,0.0,24.6,Harangi
912,2013-07-01,2.26,7.87,2857.14,3579.0,0.0,23.7,Harangi
913,2013-07-02,9.1,7.97,2857.44,2373.0,1183.0,23.7,Harangi
914,2013-07-03,41.35,7.7,2856.62,2195.0,5392.0,23.7,Harangi
915,2013-07-04,69.76,8.0,2857.52,9740.0,6200.0,23.7,Harangi
916,2013-07-05,25.68,7.45,2855.9,9633.0,15650.0,23.7,Harangi
917,2013-07-06,12.38,7.47,2855.95,11497.0,11600.0,23.7,Harangi
918,2013-07-07,14.28,7.16,2855.04,8050.0,11600.0,23.7,Harangi
919,2013-07-08,7.21,7.24,2855.28,8992.0,8038.0,23.7,Harangi
920,2013-07-09,6.23,7.51,2856.06,7020.0,3950.0,23.7,Harangi
921,2013-07-10,8.86,7.82,2856.99,7158.0,3263.0,23.7,Harangi
922,2013-07-11,17.64,7.78,2856.88,6238.0,6654.0,23.7,Harangi
923,2013-07-12,14.7,7.74,2856.76,6937.0,7492.0,23.7,Harangi
924,2013-07-13,19.34,7.87,2857.15,11091.0,9548.0,23.7,Harangi
925,2013-07-14,9.55,7.33,2855.53,5748.0,12079.0,23.7,Harangi
926,2013-07-15,7.35,7.37,2855.65,6586.0,6101.0,23.7,Harangi
927,2013-07-16,9.07,7.57,2856.24,6577.0,4251.0,23.7,Harangi
928,2013-07-17,17.33,7.71,2856.65,7533.0,5912.0,23.7,Harangi
929,2013-07-18,12.31,7.7,2856.64,6326.0,6350.0,23.7,Harangi
930,2013-07-19,44.82,7.96,2857.41,11981.0,8950.0,23.7,Harangi
931,2013-07-20,60.72,7.61,2856.38,18606.0,22625.0,23.7,Harangi
932,2013-07-21,35.79,7.87,2857.15,20425.0,17394.0,23.7,Harangi
933,2013-07-22,21.26,7.1,2854.87,16164.0,24004.0,23.7,Harangi
934,2013-07-23,14.98,6.92,2854.32,13161.0,15300.0,23.7,Harangi
935,2013-07-24,22.98,6.81,2854.01,9825.0,11025.0,23.7,Harangi
936,2013-07-25,34.7,7.11,2854.88,13322.0,9900.0,23.7,Harangi
937,2013-07-26,24.91,7.14,2854.99,10345.0,9900.0,23.7,Harangi
938,2013-07-27,19.04,7.15,2855.02,10032.0,9900.0,23.7,Harangi
939,2013-07-28,18.62,7.17,2855.06,10071.0,9900.0,23.7,Harangi
940,2013-07-29,23.08,7.54,2856.15,14184.0,9900.0,23.7,Harangi
941,2013-07-30,2.85,7.55,2856.18,10032.0,9900.0,23.7,Harangi
942,2013-07-31,17.72,7.06,2854.75,4271.0,9858.0,23.7,Harangi
943,2013-08-01,34.86,7.22,2855.21,6341.0,4525.0,24.2,Harangi
944,2013-08-02,60.38,7.95,2857.36,12836.0,4400.0,24.2,Harangi
945,2013-08-03,27.16,8.09,2857.79,10368.0,8669.0,24.2,Harangi
946,2013-08-04,18.52,8.04,2857.65,8967.0,9500.0,24.2,Harangi
947,2013-08-05,13.24,8.02,2857.58,10441.0,10700.0,24.2,Harangi
948,2013-08-06,12.86,7.61,2856.37,7193.0,11917.0,24.2,Harangi
949,2013-08-07,8.47,7.86,2857.11,9113.0,6200.0,24.2,Harangi
950,2013-08-08,8.24,8.01,2857.55,7389.0,5650.0,24.2,Harangi
951,2013-08-09,4.21,7.97,2857.43,5477.0,5932.0,24.2,Harangi
952,2013-08-10,2.19,7.93,2857.32,4255.0,4671.0,24.2,Harangi
953,2013-08-11,2.28,8.05,2857.66,4855.0,3500.0,24.2,Harangi
954,2013-08-12,6.82,8.12,2857.89,5257.0,4333.0,24.2,Harangi
955,2013-08-13,5.37,8.17,2858.02,4142.0,3610.0,24.2,Harangi
956,2013-08-14,6.78,8.2,2858.12,4128.0,3713.0,24.2,Harangi
957,2013-08-15,0.81,8.16,2858.0,4117.0,4564.0,24.2,Harangi
958,2013-08-16,3.92,8.19,2858.07,3649.0,3353.0,24.2,Harangi
959,2013-08-17,2.11,8.2,2858.1,3441.0,3300.0,24.2,Harangi
960,2013-08-18,4.93,8.16,2858.0,3073.0,3442.0,24.2,Harangi
961,2013-08-19,8.44,8.17,2858.02,3013.0,3500.0,24.2,Harangi
962,2013-08-20,2.96,8.19,2858.09,3755.0,3458.0,24.2,Harangi
963,2013-08-21,7.36,8.28,2858.36,4069.0,2988.0,24.2,Harangi
964,2013-08-22,4.54,8.27,2858.32,4320.0,4454.0,24.2,Harangi
965,2013-08-23,5.5,8.26,2858.28,4031.0,4164.0,24.2,Harangi
966,2013-08-24,3.86,8.19,2858.08,4015.0,4775.0,24.2,Harangi
967,2013-08-25,3.78,8.29,2858.37,4942.0,3783.0,24.2,Harangi
968,2013-08-26,1.04,8.23,2858.19,3676.0,4358.0,24.2,Harangi
969,2013-08-27,1.04,8.19,2858.09,2999.0,3368.0,24.2,Harangi
970,2013-08-28,0.12,8.2,2858.1,2645.0,2584.0,24.2,Harangi
971,2013-08-29,0.24,8.29,2858.39,3020.0,1858.0,24.2,Harangi
972,2013-08-30,4.65,8.33,2858.5,2684.0,2230.0,24.2,Harangi
973,2013-08-31,0.33,8.28,2858.36,1927.0,2451.0,24.2,Harangi
974,2013-09-01,1.79,8.24,2858.24,1478.0,1925.0,24.7,Harangi
975,2013-09-02,7.23,8.3,2858.4,2223.0,1570.0,24.7,Harangi
976,2013-09-03,4.07,8.3,2858.4,1622.0,1600.0,24.7,Harangi
977,2013-09-04,3.33,8.32,2858.46,1857.0,1600.0,24.7,Harangi
978,2013-09-05,2.43,8.34,2858.52,1807.0,1550.0,24.7,Harangi
979,2013-09-06,7.13,8.35,2858.55,1641.0,1500.0,24.7,Harangi
980,2013-09-07,6.16,8.35,2858.57,1685.0,1583.0,24.7,Harangi
981,2013-09-08,7.61,8.33,2858.5,1578.0,1829.0,24.7,Harangi
982,2013-09-09,12.47,8.42,2858.75,2857.0,1866.0,24.7,Harangi
983,2013-09-10,2.07,8.34,2858.52,1674.0,2552.0,24.7,Harangi
984,2013-09-11,0.98,8.38,2858.64,1993.0,1500.0,24.7,Harangi
985,2013-09-12,2.54,8.39,2858.68,1681.0,1500.0,24.7,Harangi
986,2013-09-13,16.47,8.38,2858.63,1457.0,1630.0,24.7,Harangi
987,2013-09-14,7.21,8.34,2858.53,1332.0,1700.0,24.7,Harangi
988,2013-09-15,3.31,8.35,2858.56,1579.0,1438.0,24.7,Harangi
989,2013-09-16,13.37,8.35,2858.56,1423.0,1400.0,24.7,Harangi
990,2013-09-17,4.31,8.38,2858.63,1697.0,1400.0,24.7,Harangi
991,2013-09-18,14.08,8.4,2858.69,1658.0,1400.0,24.7,Harangi
992,2013-09-19,23.6,8.35,2858.57,2490.0,2937.0,24.7,Harangi
993,2013-09-20,10.52,8.4,2858.69,3893.0,3400.0,24.7,Harangi
994,2013-09-21,14.5,8.2,2858.11,7603.0,9852.0,24.7,Harangi
995,2013-09-22,4.09,8.24,2858.24,5057.0,4525.0,24.7,Harangi
996,2013-09-23,0.09,8.24,2858.24,3035.0,3012.0,24.7,Harangi
997,2013-09-24,1.17,8.29,2858.38,2638.0,2067.0,24.7,Harangi
998,2013-09-25,0.79,8.39,2858.68,2648.0,1450.0,24.7,Harangi
999,2013-09-26,0.26,8.37,2858.6,1578.0,1950.0,24.7,Harangi
1000,2013-09-27,0.0,8.3,2858.4,1253.0,2013.0,24.7,Harangi
1001,2013-09-28,0.0,8.27,2858.33,1399.0,1650.0,24.7,Harangi
1002,2013-09-29,0.18,8.23,2858.19,1125.0,1650.0,24.7,Harangi
1003,2013-09-30,0.12,8.18,2858.06,1097.0,1583.0,24.7,Harangi
1004,2013-10-01,9.3,8.15,2857.96,1277.0,1645.0,25.1,Harangi
1005,2013-10-02,5.28,8.25,2858.25,2592.0,1433.0,25.1,Harangi
1006,2013-10-03,2.53,8.26,2858.28,1703.0,1562.0,25.1,Harangi
1007,2013-10-04,0.03,8.2,2858.12,996.0,1600.0,25.1,Harangi
1008,2013-10-05,0.0,8.4,2858.69,1658.0,1400.0,25.1,Harangi
1009,2013-10-06,3.57,8.11,2857.86,1121.0,1450.0,25.1,Harangi
1010,2013-10-07,2.56,8.08,2857.76,1182.0,1450.0,25.1,Harangi
1011,2013-10-08,0.91,8.03,2857.61,886.0,1450.0,25.1,Harangi
1012,2013-10-09,2.47,7.99,2857.49,1003.0,1450.0,25.1,Harangi
1013,2013-10-10,8.36,7.88,2857.16,259.0,1529.0,25.1,Harangi
1014,2013-10-11,0.85,7.79,2856.89,515.0,1550.0,25.1,Harangi
1015,2013-10-12,0.48,7.68,2856.58,358.0,1550.0,25.1,Harangi
1016,2013-10-13,5.81,7.57,2856.24,240.0,1550.0,25.1,Harangi
1017,2013-10-14,0.68,7.46,2855.92,319.0,1550.0,25.1,Harangi
1018,2013-10-15,0.25,7.34,2855.58,241.0,1550.0,25.1,Harangi
1019,2013-10-16,2.87,7.23,2855.24,241.0,1550.0,25.1,Harangi
1020,2013-10-17,10.22,7.12,2854.91,280.0,1550.0,25.1,Harangi
1021,2013-10-18,2.12,7.01,2854.61,355.0,1550.0,25.1,Harangi
1022,2013-10-19,10.07,6.89,2854.24,23.0,1450.0,25.1,Harangi
1023,2013-10-20,35.78,6.87,2854.18,1237.0,1450.0,25.1,Harangi
1024,2013-10-21,0.0,6.83,2854.05,826.0,1313.0,25.1,Harangi
1025,2013-10-22,2.37,6.76,2853.77,533.0,1300.0,25.1,Harangi
1026,2013-10-23,8.04,6.69,2853.49,600.0,1300.0,25.1,Harangi
1027,2013-10-24,9.78,6.65,2853.28,831.0,1300.0,25.1,Harangi
1028,2013-10-25,0.5,6.56,2852.88,348.0,1350.0,25.1,Harangi
1029,2013-10-26,1.19,6.48,2852.54,502.0,1350.0,25.1,Harangi
1030,2013-10-27,0.26,4.24,2840.71,233.0,0.0,25.1,Harangi
1031,2013-10-28,0.0,6.29,2851.68,244.0,1350.0,25.1,Harangi
1032,2013-10-29,0.0,6.19,2851.24,244.0,1350.0,25.1,Harangi
1033,2013-10-30,1.24,6.09,2850.76,219.0,1429.0,25.1,Harangi
1034,2013-10-31,1.64,4.17,2840.0,627.0,1488.0,25.1,Harangi
1035,2013-11-01,0.07,5.87,2849.8,214.0,1450.0,24.2,Harangi
1036,2013-11-02,0.44,5.76,2849.27,161.0,1500.0,24.2,Harangi
1037,2013-11-03,0.49,5.64,2848.73,185.0,1550.0,24.2,Harangi
1038,2013-11-04,2.35,5.51,2848.18,159.0,1550.0,24.2,Harangi
1039,2013-11-05,2.59,5.39,2847.65,210.0,1550.0,24.2,Harangi
1040,2013-11-06,0.0,5.27,2847.08,107.0,1550.0,24.2,Harangi
1041,2013-11-07,0.0,5.14,2846.49,55.0,1550.0,24.2,Harangi
1042,2013-11-08,0.0,5.0,2845.87,78.0,1650.0,24.2,Harangi
1043,2013-11-09,0.0,8.5,2845.25,77.0,1650.0,24.2,Harangi
1044,2013-11-10,0.0,4.72,2844.61,26.0,1650.0,24.2,Harangi
1045,2013-11-11,0.0,4.58,2843.96,54.0,1650.0,24.2,Harangi
1046,2013-11-12,0.0,4.51,2843.3,51.0,1650.0,24.2,Harangi
1047,2013-11-13,4.08,4.44,2842.64,230.0,1700.0,24.2,Harangi
1048,2013-11-14,0.0,4.37,2841.95,94.0,900.0,24.2,Harangi
1049,2013-11-15,0.0,4.3,2841.25,88.0,900.0,24.2,Harangi
1050,2013-11-16,0.0,4.22,2840.53,57.0,900.0,24.2,Harangi
1051,2013-11-17,2.25,4.14,2839.75,35.0,950.0,24.2,Harangi
1052,2013-11-18,0.05,4.06,2838.96,73.0,1000.0,24.2,Harangi
1053,2013-11-19,2.1,3.98,2838.18,84.0,1000.0,24.2,Harangi
1054,2013-11-20,0.01,3.9,2837.42,58.0,1700.0,24.2,Harangi
1055,2013-11-21,0.0,3.82,2836.62,60.0,1700.0,24.2,Harangi
1056,2013-11-22,0.0,3.73,2835.78,60.0,1700.0,24.2,Harangi
1057,2013-11-23,0.0,3.64,2834.95,22.0,1000.0,24.2,Harangi
1058,2013-11-24,14.57,3.56,2827.46,134.0,1700.0,24.2,Harangi
1059,2013-11-25,0.04,3.51,2833.4,208.0,1700.0,24.2,Harangi
1060,2013-11-26,1.12,3.47,2832.56,123.0,1700.0,24.2,Harangi
1061,2013-11-27,1.01,3.05,2844.96,223.0,1600.0,24.2,Harangi
1062,2013-11-28,1.51,3.38,2830.81,104.0,1700.0,24.2,Harangi
1063,2013-11-29,0.0,3.33,2829.9,80.0,1700.0,24.2,Harangi
1064,2013-11-30,5.1,3.29,2828.99,80.0,1700.0,24.2,Harangi
1065,2013-12-01,0.06,3.24,2828.05,62.0,600.0,22.9,Harangi
1066,2013-12-02,4.21,3.22,2827.72,72.0,1700.0,22.9,Harangi
1067,2013-12-03,0.0,3.17,2826.78,61.0,1700.0,22.9,Harangi
1068,2013-12-04,0.0,3.12,2825.76,63.0,650.0,22.9,Harangi
1069,2013-12-05,0.0,3.07,2824.72,51.0,1700.0,22.9,Harangi
1070,2013-12-06,0.0,3.0,2823.66,38.0,800.0,22.9,Harangi
1071,2013-12-07,0.0,2.9,2822.57,27.0,1700.0,22.9,Harangi
1072,2013-12-08,0.0,2.81,2821.5,24.0,1700.0,22.9,Harangi
1073,2013-12-09,0.0,2.71,2820.38,21.0,1700.0,22.9,Harangi
1074,2013-12-10,0.0,2.6,2819.22,24.0,1220.0,22.9,Harangi
1075,2013-12-11,0.0,2.49,2818.04,17.0,1700.0,22.9,Harangi
1076,2013-12-12,0.0,2.38,2816.82,15.0,1700.0,22.9,Harangi
1077,2013-12-13,0.0,2.27,2815.6,15.0,1600.0,22.9,Harangi
1078,2013-12-14,0.0,2.18,2814.53,16.0,1120.0,22.9,Harangi
1079,2013-12-15,0.0,2.1,2813.54,17.0,1500.0,22.9,Harangi
1080,2013-12-16,0.0,2.02,2812.43,25.0,1500.0,22.9,Harangi
1081,2013-12-17,0.0,1.94,2811.28,18.0,1400.0,22.9,Harangi
1082,2013-12-18,0.0,1.86,2810.18,17.0,1400.0,22.9,Harangi
1083,2013-12-19,0.0,1.8,2809.27,14.0,1400.0,22.9,Harangi
1084,2013-12-20,0.0,1.73,2808.24,13.0,825.0,22.9,Harangi
1085,2013-12-21,0.0,1.65,2807.16,13.0,860.0,22.9,Harangi
1086,2013-12-22,0.0,1.6,2806.35,13.0,1100.0,22.9,Harangi
1087,2013-12-23,0.0,1.55,2805.6,15.0,610.0,22.9,Harangi
1088,2013-12-24,0.0,1.5,2804.86,19.0,1100.0,22.9,Harangi
1089,2013-12-25,0.0,1.44,2804.11,11.0,1100.0,22.9,Harangi
1090,2013-12-26,0.0,1.4,2803.35,11.0,1000.0,22.9,Harangi
1091,2013-12-27,0.0,1.37,2802.6,12.0,1000.0,22.9,Harangi
1092,2013-12-28,0.0,1.33,2801.86,12.0,850.0,22.9,Harangi
1093,2013-12-29,0.0,1.31,2801.35,19.0,750.0,22.9,Harangi
1094,2013-12-30,0.0,1.28,2800.91,8.0,250.0,22.9,Harangi
1095,2013-12-31,0.0,1.26,2800.47,8.0,250.0,22.9,Harangi
1096,2014-01-01,0.0,1.26,2800.4,9.0,40.0,23.3,Harangi
1097,2014-01-02,0.0,1.26,2800.47,38.0,0.0,23.3,Harangi
1098,2014-01-03,0.0,1.3,2801.27,126.0,0.0,23.3,Harangi
1099,2014-01-04,0.0,1.3,2801.27,126.0,0.0,23.3,Harangi
1100,2014-01-05,0.0,1.31,2801.5,140.0,0.0,23.3,Harangi
1101,2014-01-06,0.0,1.32,2801.72,136.0,0.0,23.3,Harangi
1102,2014-01-07,0.0,1.33,2801.93,131.0,0.0,23.3,Harangi
1103,2014-01-08,0.0,1.34,2802.15,137.0,0.0,23.3,Harangi
1104,2014-01-09,0.0,1.35,2802.34,119.0,0.0,23.3,Harangi
1105,2014-01-10,0.0,1.36,2802.54,123.0,0.0,23.3,Harangi
1106,2014-01-11,0.0,1.37,2802.74,123.0,0.0,23.3,Harangi
1107,2014-01-12,0.0,1.38,2802.93,118.0,0.0,23.3,Harangi
1108,2014-01-13,0.0,1.39,2803.13,124.0,0.0,23.3,Harangi
1109,2014-01-14,0.0,1.4,2803.31,113.0,0.0,23.3,Harangi
1110,2014-01-15,0.0,1.41,2803.5,119.0,0.0,23.3,Harangi
1111,2014-01-16,0.14,1.42,2803.66,102.0,0.0,23.3,Harangi
1112,2014-01-17,0.11,1.43,2803.84,113.0,0.0,23.3,Harangi
1113,2014-01-18,1.12,1.44,2804.03,124.0,0.0,23.3,Harangi
1114,2014-01-19,0.0,1.45,2804.21,153.0,0.0,23.3,Harangi
1115,2014-01-20,0.0,1.46,2804.37,135.0,0.0,23.3,Harangi
1116,2014-01-21,0.0,1.47,2804.54,143.0,0.0,23.3,Harangi
1117,2014-01-22,0.0,1.48,2804.68,119.0,0.0,23.3,Harangi
1118,2014-01-23,0.0,1.49,2804.83,127.0,0.0,23.3,Harangi
1119,2014-01-24,0.0,1.5,2804.95,103.0,0.0,23.3,Harangi
1120,2014-01-25,0.0,1.51,2805.1,128.0,0.0,23.3,Harangi
1121,2014-01-26,0.0,1.52,2805.24,119.0,0.0,23.3,Harangi
1122,2014-01-27,0.0,1.53,2805.36,103.0,0.0,23.3,Harangi
1123,2014-01-28,0.0,1.54,2805.49,111.0,0.0,23.3,Harangi
1124,2014-01-29,0.0,1.55,2805.59,87.0,0.0,23.3,Harangi
1125,2014-01-30,0.0,1.55,2805.71,103.0,0.0,23.3,Harangi
1126,2014-01-31,0.0,1.56,2805.82,95.0,0.0,23.3,Harangi
1127,2014-02-01,0.0,1.57,2805.92,87.0,0.0,25.3,Harangi
1128,2014-02-02,0.0,1.58,2806.05,111.0,0.0,25.3,Harangi
1129,2014-02-03,0.0,1.59,2806.16,95.0,0.0,25.3,Harangi
1130,2014-02-04,0.0,1.59,2806.27,95.0,0.0,25.3,Harangi
1131,2014-02-05,0.0,1.6,2806.36,79.0,0.0,25.3,Harangi
1132,2014-02-06,0.0,1.61,2806.48,103.0,0.0,25.3,Harangi
1133,2014-02-07,0.0,1.61,2806.56,71.0,0.0,25.3,Harangi
1134,2014-02-08,0.0,1.62,2806.63,63.0,0.0,25.3,Harangi
1135,2014-02-09,0.0,1.63,2806.73,88.0,0.0,25.3,Harangi
1136,2014-02-10,0.0,1.63,2806.8,64.0,0.0,25.3,Harangi
1137,2014-02-11,0.0,1.64,2806.88,72.0,0.0,25.3,Harangi
1138,2014-02-12,0.0,1.64,2806.95,64.0,0.0,25.3,Harangi
1139,2014-02-13,0.0,1.65,2807.03,72.0,0.0,25.3,Harangi
1140,2014-02-14,0.0,1.65,2807.1,64.0,0.0,25.3,Harangi
1141,2014-02-15,0.0,1.65,2807.16,56.0,0.0,25.3,Harangi
1142,2014-02-16,0.0,1.66,2807.25,80.0,0.0,25.3,Harangi
1143,2014-02-17,0.0,1.65,2807.16,56.0,0.0,25.3,Harangi
1144,2014-02-18,0.0,1.67,2807.37,64.0,0.0,25.3,Harangi
1145,2014-02-19,0.0,1.67,2807.43,56.0,0.0,25.3,Harangi
1146,2014-02-20,0.0,1.68,2807.5,64.0,0.0,25.3,Harangi
1147,2014-02-21,0.0,1.68,2807.57,64.0,0.0,25.3,Harangi
1148,2014-02-22,0.42,1.69,2807.63,56.0,0.0,25.3,Harangi
1149,2014-02-23,0.0,1.69,2807.69,56.0,0.0,25.3,Harangi
1150,2014-02-24,0.0,1.7,2807.75,56.0,0.0,25.3,Harangi
1151,2014-02-25,0.0,1.7,2807.8,49.0,0.0,25.3,Harangi
1152,2014-02-26,0.0,1.7,2807.84,41.0,0.0,25.3,Harangi
1153,2014-02-27,0.0,1.71,2807.89,49.0,0.0,25.3,Harangi
1154,2014-02-28,0.32,1.71,2807.93,41.0,0.0,25.3,Harangi
1155,2014-03-01,0.53,1.71,2808.0,65.0,0.0,27.2,Harangi
1156,2014-03-02,0.47,1.72,2808.04,41.0,0.0,27.2,Harangi
1157,2014-03-03,0.0,1.72,2808.08,41.0,0.0,27.2,Harangi
1158,2014-03-04,0.19,1.72,2808.11,33.0,0.0,27.2,Harangi
1159,2014-03-05,0.53,1.72,2808.15,41.0,0.0,27.2,Harangi
1160,2014-03-06,0.0,1.73,2808.18,33.0,0.0,27.2,Harangi
1161,2014-03-07,2.01,1.73,2808.21,33.0,0.0,27.2,Harangi
1162,2014-03-08,1.92,1.73,2808.25,42.0,0.0,27.2,Harangi
1163,2014-03-09,0.0,1.73,2808.28,34.0,0.0,27.2,Harangi
1164,2014-03-10,2.72,1.74,2808.33,50.0,0.0,27.2,Harangi
1165,2014-03-11,0.0,1.74,2808.4,67.0,0.0,27.2,Harangi
1166,2014-03-12,0.0,1.74,2808.44,42.0,0.0,27.2,Harangi
1167,2014-03-13,0.0,1.75,2808.48,42.0,0.0,27.2,Harangi
1168,2014-03-14,0.0,1.75,2808.5,27.0,0.0,27.2,Harangi
1169,2014-03-15,0.0,1.75,2808.52,26.0,0.0,27.2,Harangi
1170,2014-03-16,0.0,1.75,2808.54,27.0,0.0,27.2,Harangi
1171,2014-03-17,0.0,1.75,2808.55,18.0,0.0,27.2,Harangi
1172,2014-03-18,0.0,1.75,2808.56,18.0,0.0,27.2,Harangi
1173,2014-03-19,0.0,1.75,2808.57,18.0,0.0,27.2,Harangi
1174,2014-03-20,0.0,4.09,2839.33,20.0,40.0,27.2,Harangi
1175,2014-03-21,0.0,1.75,2808.6,18.0,0.0,27.2,Harangi
1176,2014-03-22,0.0,1.76,2808.62,28.0,0.0,27.2,Harangi
1177,2014-03-23,0.91,1.76,2808.63,20.0,0.0,27.2,Harangi
1178,2014-03-24,0.5,1.76,2808.65,28.0,0.0,27.2,Harangi
1179,2014-03-25,0.0,1.76,2808.66,20.0,0.0,27.2,Harangi
1180,2014-03-26,0.0,1.76,2808.67,20.0,0.0,27.2,Harangi
1181,2014-03-27,0.0,1.76,2808.68,20.0,0.0,27.2,Harangi
1182,2014-03-28,0.0,1.76,2808.68,12.0,0.0,27.2,Harangi
1183,2014-03-29,0.0,1.76,2808.68,12.0,0.0,27.2,Harangi
1184,2014-03-30,0.0,1.76,2808.68,12.0,0.0,27.2,Harangi
1185,2014-03-31,0.0,1.76,2808.68,12.0,0.0,27.2,Harangi
1186,2014-04-01,0.0,1.76,2808.68,12.0,0.0,28.9,Harangi
1187,2014-04-02,7.88,1.76,2808.67,4.0,0.0,28.9,Harangi
1188,2014-04-03,0.92,1.76,2808.68,20.0,0.0,28.9,Harangi
1189,2014-04-04,0.0,1.76,2808.69,20.0,0.0,28.9,Harangi
1190,2014-04-05,0.0,1.76,2808.71,28.0,0.0,28.9,Harangi
1191,2014-04-06,0.22,1.76,2808.71,12.0,0.0,28.9,Harangi
1192,2014-04-07,0.19,1.76,2808.71,12.0,0.0,28.9,Harangi
1193,2014-04-08,0.0,1.76,2808.71,12.0,0.0,28.9,Harangi
1194,2014-04-09,3.49,1.76,2808.72,21.0,0.0,28.9,Harangi
1195,2014-04-10,2.88,1.76,2808.71,5.0,0.0,28.9,Harangi
1196,2014-04-11,2.17,1.76,2808.72,21.0,0.0,28.9,Harangi
1197,2014-04-12,3.95,4.51,2843.3,51.0,1650.0,28.9,Harangi
1198,2014-04-13,1.36,1.76,2808.72,13.0,0.0,28.9,Harangi
1199,2014-04-14,3.08,1.77,2808.75,37.0,0.0,28.9,Harangi
1200,2014-04-15,12.91,1.77,2808.78,37.0,0.0,28.9,Harangi
1201,2014-04-16,2.87,1.77,2808.8,29.0,0.0,28.9,Harangi
1202,2014-04-17,1.59,1.77,2808.85,54.0,0.0,28.9,Harangi
1203,2014-04-18,3.24,1.77,2808.89,45.0,0.0,28.9,Harangi
1204,2014-04-19,6.9,1.78,2808.96,69.0,0.0,28.9,Harangi
1205,2014-04-20,1.73,1.78,2809.0,45.0,0.0,28.9,Harangi
1206,2014-04-21,0.19,1.78,2809.03,37.0,0.0,28.9,Harangi
1207,2014-04-22,0.0,1.79,2809.04,21.0,0.0,28.9,Harangi
1208,2014-04-23,0.0,1.79,2809.05,21.0,0.0,28.9,Harangi
1209,2014-04-24,0.0,1.79,2809.06,21.0,0.0,28.9,Harangi
1210,2014-04-25,0.0,1.79,2809.07,21.0,0.0,28.9,Harangi
1211,2014-04-26,0.0,1.79,2809.04,21.0,0.0,28.9,Harangi
1212,2014-04-27,7.53,1.79,2809.11,37.0,0.0,28.9,Harangi
1213,2014-04-28,2.39,1.79,2809.12,21.0,0.0,28.9,Harangi
1214,2014-04-29,3.35,1.79,2809.13,21.0,0.0,28.9,Harangi
1215,2014-04-30,2.32,1.79,2809.13,13.0,0.0,28.9,Harangi
1216,2014-05-01,8.13,1.79,2809.16,37.0,0.0,27.6,Harangi
1217,2014-05-02,12.14,1.79,2809.16,13.0,0.0,27.6,Harangi
1218,2014-05-03,25.16,1.8,2809.27,99.0,0.0,27.6,Harangi
1219,2014-05-04,13.52,1.82,2809.54,227.0,0.0,27.6,Harangi
1220,2014-05-05,1.74,1.84,2809.77,195.0,0.0,27.6,Harangi
1221,2014-05-06,0.49,1.84,2809.86,82.0,0.0,27.6,Harangi
1222,2014-05-07,1.81,1.84,2809.9,43.0,0.0,27.6,Harangi
1223,2014-05-08,3.55,1.85,2809.95,51.0,0.0,27.6,Harangi
1224,2014-05-09,72.3,1.89,2810.53,470.0,0.0,27.6,Harangi
1225,2014-05-10,0.66,1.92,2810.93,329.0,0.0,27.6,Harangi
1226,2014-05-11,0.23,1.93,2811.08,129.0,0.0,27.6,Harangi
1227,2014-05-12,5.06,1.93,2811.19,99.0,0.0,27.6,Harangi
1228,2014-05-13,0.0,1.94,2811.27,75.0,0.0,27.6,Harangi
1229,2014-05-14,0.0,1.94,2811.32,51.0,0.0,27.6,Harangi
1230,2014-05-15,0.0,3.81,2836.54,72.0,75.0,27.6,Harangi
1231,2014-05-16,0.15,1.95,2811.37,29.0,0.0,27.6,Harangi
1232,2014-05-17,0.0,1.95,2811.4,37.0,0.0,27.6,Harangi
1233,2014-05-18,0.94,1.95,2811.42,29.0,0.0,27.6,Harangi
1234,2014-05-19,2.94,1.95,2811.44,29.0,0.0,27.6,Harangi
1235,2014-05-20,5.28,1.96,2811.55,101.0,0.0,27.6,Harangi
1236,2014-05-21,0.92,1.96,2811.56,21.0,0.0,27.6,Harangi
1237,2014-05-22,0.62,1.96,2811.56,13.0,0.0,27.6,Harangi
1238,2014-05-23,1.38,1.96,2811.57,21.0,0.0,27.6,Harangi
1239,2014-05-24,1.4,1.96,2811.58,21.0,0.0,27.6,Harangi
1240,2014-05-25,0.0,1.96,2811.59,21.0,0.0,27.6,Harangi
1241,2014-05-26,0.0,1.96,2811.59,13.0,0.0,27.6,Harangi
1242,2014-05-27,0.0,1.96,2811.6,21.0,0.0,27.6,Harangi
1243,2014-05-28,3.1,1.96,2811.6,13.0,0.0,27.6,Harangi
1244,2014-05-29,9.69,1.97,2811.64,45.0,0.0,27.6,Harangi
1245,2014-05-30,5.7,1.97,2811.65,21.0,0.0,27.6,Harangi
1246,2014-05-31,2.03,1.97,2811.66,21.0,0.0,27.6,Harangi
1247,2014-06-01,10.32,1.97,2811.72,61.0,0.0,26.3,Harangi
1248,2014-06-02,0.0,1.97,2811.72,13.0,0.0,26.3,Harangi
1249,2014-06-03,25.87,1.98,2811.79,68.0,0.0,26.3,Harangi
1250,2014-06-04,0.0,1.98,2811.87,76.0,0.0,26.3,Harangi
1251,2014-06-05,0.02,1.98,2811.91,42.0,0.0,26.3,Harangi
1252,2014-06-06,1.95,1.99,2811.94,33.0,0.0,26.3,Harangi
1253,2014-06-07,0.91,1.99,2811.96,28.0,0.0,26.3,Harangi
1254,2014-06-08,0.27,1.99,2811.99,29.0,0.0,26.3,Harangi
1255,2014-06-09,2.18,1.99,2812.03,33.0,0.0,26.3,Harangi
1256,2014-06-10,2.1,1.99,2812.04,13.0,0.0,26.3,Harangi
1257,2014-06-11,4.62,1.99,2812.06,20.0,0.0,26.3,Harangi
1258,2014-06-12,3.64,2.0,2812.07,11.0,0.0,26.3,Harangi
1259,2014-06-13,3.3,2.0,2812.1,27.0,0.0,26.3,Harangi
1260,2014-06-14,2.32,2.0,2812.19,75.0,0.0,26.3,Harangi
1261,2014-06-15,1.7,2.01,2812.31,99.0,0.0,26.3,Harangi
1262,2014-06-16,1.74,2.02,2812.41,83.0,0.0,26.3,Harangi
1263,2014-06-17,8.97,2.03,2812.51,83.0,0.0,26.3,Harangi
1264,2014-06-18,6.02,2.04,2812.68,139.0,0.0,26.3,Harangi
1265,2014-06-19,22.12,2.06,2813.03,284.0,0.0,26.3,Harangi
1266,2014-06-20,37.2,2.13,2813.96,750.0,0.0,26.3,Harangi
1267,2014-06-21,18.86,2.27,2815.59,1693.0,0.0,26.3,Harangi
1268,2014-06-22,17.31,2.47,2817.78,2293.0,0.0,26.3,Harangi
1269,2014-06-23,3.98,2.63,2819.58,1885.0,0.0,26.3,Harangi
1270,2014-06-24,1.61,2.72,2820.57,2722.0,0.0,26.3,Harangi
1271,2014-06-25,1.04,2.8,2821.39,861.0,0.0,26.3,Harangi
1272,2014-06-26,0.73,2.85,2822.03,673.0,0.0,26.3,Harangi
1273,2014-06-27,0.0,2.9,2822.5,505.0,0.0,26.3,Harangi
1274,2014-06-28,0.0,2.93,2822.83,356.0,0.0,26.3,Harangi
1275,2014-06-29,1.42,2.95,2823.08,271.0,0.0,26.3,Harangi
1276,2014-06-30,2.81,2.99,2823.56,512.0,0.0,26.3,Harangi
1277,2014-07-01,5.38,3.04,2824.08,514.0,0.0,24.8,Harangi
1278,2014-07-02,12.31,3.06,2824.59,309.0,0.0,24.8,Harangi
1279,2014-07-03,0.44,3.1,2825.28,414.0,0.0,24.8,Harangi
1280,2014-07-04,0.21,3.12,2825.76,289.0,0.0,24.8,Harangi
1281,2014-07-05,1.7,3.14,2826.17,251.0,0.0,24.8,Harangi
1282,2014-07-06,5.65,3.16,2826.55,233.0,0.0,24.8,Harangi
1283,2014-07-07,1.65,3.18,2826.91,221.0,0.0,24.8,Harangi
1284,2014-07-08,2.82,3.2,2827.35,266.0,0.0,24.8,Harangi
1285,2014-07-09,2.13,3.23,2827.92,343.0,0.0,24.8,Harangi
1286,2014-07-10,12.28,3.27,2828.74,489.0,0.0,24.8,Harangi
1287,2014-07-11,21.27,3.34,2830.04,771.0,0.0,24.8,Harangi
1288,2014-07-12,12.99,3.43,2831.8,1043.0,0.0,24.8,Harangi
1289,2014-07-13,54.18,3.62,2834.71,2156.0,0.0,24.8,Harangi
1290,2014-07-14,37.0,4.34,2841.66,8359.0,0.0,24.8,Harangi
1291,2014-07-15,39.46,5.19,2846.75,9900.0,0.0,24.8,Harangi
1292,2014-07-16,25.55,6.09,2850.79,12243.0,1833.0,24.8,Harangi
1293,2014-07-17,18.45,6.5,2852.61,9191.0,4500.0,24.8,Harangi
1294,2014-07-18,11.57,7.17,2855.07,5689.0,4500.0,24.8,Harangi
1295,2014-07-19,35.09,6.72,2853.59,3541.0,2200.0,24.8,Harangi
1296,2014-07-20,26.34,7.2,2855.15,10064.0,4500.0,24.8,Harangi
1297,2014-07-21,16.79,7.36,2855.62,7344.0,5500.0,24.8,Harangi
1298,2014-07-22,29.42,7.72,2856.68,19151.0,15000.0,24.8,Harangi
1299,2014-07-23,23.4,7.61,2856.37,7411.0,550.0,24.8,Harangi
1300,2014-07-24,41.62,7.77,2856.83,17825.0,600.0,24.8,Harangi
1301,2014-07-25,13.73,7.43,2855.84,7175.0,500.0,24.8,Harangi
1302,2014-07-26,10.53,7.27,2855.36,4372.0,200.0,24.8,Harangi
1303,2014-07-27,10.06,7.49,2856.02,8841.0,400.0,24.8,Harangi
1304,2014-07-28,12.6,7.61,2856.38,14939.0,200.0,24.8,Harangi
1305,2014-07-29,7.46,7.23,2855.26,6256.0,400.0,24.8,Harangi
1306,2014-07-30,7.51,7.62,2856.41,8008.0,3500.0,24.8,Harangi
1307,2014-07-31,22.49,7.82,2857.0,6215.0,3900.0,24.8,Harangi
1308,2014-08-01,40.42,8.06,2857.71,9973.0,7189.0,24.6,Harangi
1309,2014-08-02,26.14,7.57,2856.24,10896.0,16653.0,24.6,Harangi
1310,2014-08-03,17.05,7.35,2855.6,9623.0,12128.0,24.6,Harangi
1311,2014-08-04,12.68,7.51,2856.06,12083.0,10280.0,24.6,Harangi
1312,2014-08-05,29.1,7.65,2856.5,12005.0,10280.0,24.6,Harangi
1313,2014-08-06,32.6,7.4,2855.76,13863.0,16759.0,24.6,Harangi
1314,2014-08-07,33.46,7.63,2856.44,12244.0,9582.0,24.6,Harangi
1315,2014-08-08,8.24,7.63,2856.42,9580.0,9657.0,24.6,Harangi
1316,2014-08-09,9.1,7.08,2854.8,3389.0,9732.0,24.6,Harangi
1317,2014-08-10,5.68,7.22,2855.21,4608.0,3000.0,24.6,Harangi
1318,2014-08-11,4.07,7.64,2856.45,6209.0,1350.0,24.6,Harangi
1319,2014-08-12,16.76,7.84,2857.04,4786.0,2496.0,24.6,Harangi
1320,2014-08-13,2.16,7.84,2857.04,4602.0,4600.0,24.6,Harangi
1321,2014-08-14,3.71,7.7,2856.63,3098.0,4700.0,24.6,Harangi
1322,2014-08-15,4.96,7.57,2856.26,2755.0,4200.0,24.6,Harangi
1323,2014-08-16,0.48,7.54,2856.15,2373.0,2800.0,24.6,Harangi
1324,2014-08-17,0.73,7.61,2856.38,2738.0,1817.0,24.6,Harangi
1325,2014-08-18,1.52,7.67,2856.56,2412.0,1700.0,24.6,Harangi
1326,2014-08-19,23.56,7.71,2856.66,2099.0,1700.0,24.6,Harangi
1327,2014-08-20,3.43,7.74,2856.76,2099.0,1700.0,24.6,Harangi
1328,2014-08-21,7.56,7.71,2856.68,1545.0,1758.0,24.6,Harangi
1329,2014-08-22,5.62,7.69,2856.6,1494.0,1800.0,24.6,Harangi
1330,2014-08-23,7.98,7.66,2856.52,1494.0,1800.0,24.6,Harangi
1331,2014-08-24,3.53,7.61,2856.38,1128.0,1669.0,24.6,Harangi
1332,2014-08-25,2.81,7.55,2856.19,939.0,1675.0,24.6,Harangi
1333,2014-08-26,1.72,7.48,2856.0,988.0,1725.0,24.6,Harangi
1334,2014-08-27,0.51,7.39,2855.72,628.0,1725.0,24.6,Harangi
1335,2014-08-28,5.64,7.33,2855.54,958.0,1725.0,24.6,Harangi
1336,2014-08-29,9.0,7.37,2855.67,2237.0,1725.0,24.6,Harangi
1337,2014-08-30,14.01,7.51,2856.07,3295.0,1725.0,24.6,Harangi
1338,2014-08-31,28.83,8.08,2857.75,1927.0,2451.0,24.6,Harangi
1339,2014-09-01,20.54,8.01,2857.55,6841.0,7623.0,25.3,Harangi
1340,2014-09-02,29.53,8.07,2857.74,9448.0,8693.0,25.3,Harangi
1341,2014-09-03,5.92,7.93,2857.33,5426.0,7274.0,25.3,Harangi
1342,2014-09-04,18.79,7.93,2857.33,4562.0,4558.0,25.3,Harangi
1343,2014-09-05,8.08,8.07,2857.72,5229.0,3663.0,25.3,Harangi
1344,2014-09-06,5.53,8.1,2857.81,4603.0,3775.0,25.3,Harangi
1345,2014-09-07,18.54,8.15,2857.98,5136.0,4453.0,25.3,Harangi
1346,2014-09-08,1.68,8.11,2857.86,7221.0,7684.0,25.3,Harangi
1347,2014-09-09,6.07,8.11,2857.86,4392.0,4391.0,25.3,Harangi
1348,2014-09-10,1.67,8.14,2857.95,3792.0,3431.0,25.3,Harangi
1349,2014-09-11,2.49,8.16,2857.99,3083.0,2921.0,25.3,Harangi
1350,2014-09-12,0.35,8.21,2858.13,2935.0,2379.0,25.3,Harangi
1351,2014-09-13,0.83,8.16,2858.0,2597.0,3098.0,25.3,Harangi
1352,2014-09-14,2.35,8.23,2858.19,2604.0,1852.0,25.3,Harangi
1353,2014-09-15,5.9,8.2,2858.12,3006.0,3271.0,25.3,Harangi
1354,2014-09-16,1.34,8.19,2858.08,2687.0,2833.0,25.3,Harangi
1355,2014-09-17,2.95,8.17,2858.02,2439.0,2667.0,25.3,Harangi
1356,2014-09-18,0.13,8.16,2858.0,1951.0,2021.0,25.3,Harangi
1357,2014-09-19,2.3,8.2,2858.1,2164.0,1764.0,25.3,Harangi
1358,2014-09-20,1.34,8.22,2858.17,2037.0,1752.0,25.3,Harangi
1359,2014-09-21,1.05,8.22,2858.17,1777.0,1766.0,25.3,Harangi
1360,2014-09-22,0.46,8.22,2858.18,1550.0,1500.0,25.3,Harangi
1361,2014-09-23,36.15,8.21,2858.14,1525.0,1671.0,25.3,Harangi
1362,2014-09-24,12.99,8.18,2858.05,1825.0,2171.0,25.3,Harangi
1363,2014-09-25,16.99,8.19,2858.08,1895.0,1767.0,25.3,Harangi
1364,2014-09-26,14.54,8.17,2858.03,1403.0,1589.0,25.3,Harangi
1365,2014-09-27,8.27,8.22,2858.17,1502.0,978.0,25.3,Harangi
1366,2014-09-28,0.71,8.22,2858.16,1067.0,1017.0,25.3,Harangi
1367,2014-09-29,16.83,8.21,2858.15,1155.0,1204.0,25.3,Harangi
1368,2014-09-30,8.48,8.19,2858.07,1047.0,1350.0,25.3,Harangi
1369,2014-10-01,1.86,8.11,2857.86,638.0,1450.0,25.0,Harangi
1370,2014-10-02,0.62,8.26,2858.29,1695.0,0.0,25.0,Harangi
1371,2014-10-03,0.0,8.26,2858.3,958.0,908.0,25.0,Harangi
1372,2014-10-04,1.47,8.17,2858.03,353.0,1400.0,25.0,Harangi
1373,2014-10-05,1.34,8.17,2858.75,353.0,1400.0,25.0,Harangi
1374,2014-10-06,25.24,8.0,2857.53,578.0,1788.0,25.0,Harangi
1375,2014-10-07,9.85,8.01,2857.93,578.0,1788.0,25.0,Harangi
1376,2014-10-08,1.74,7.83,2857.02,394.0,1400.0,25.0,Harangi
1377,2014-10-09,7.52,7.72,2856.69,120.0,1400.0,25.0,Harangi
1378,2014-10-10,2.83,7.62,2856.4,169.0,1292.0,25.0,Harangi
1379,2014-10-11,7.93,7.58,2856.27,611.0,1108.0,25.0,Harangi
1380,2014-10-12,4.28,7.62,2856.4,1521.0,1000.0,25.0,Harangi
1381,2014-10-13,1.34,7.61,2856.36,831.0,975.0,25.0,Harangi
1382,2014-10-14,0.02,7.55,2856.18,407.0,1100.0,25.0,Harangi
1383,2014-10-15,0.12,7.43,2855.83,172.0,1531.0,25.0,Harangi
1384,2014-10-16,2.67,7.29,2855.41,11.0,1644.0,25.0,Harangi
1385,2014-10-17,0.47,7.16,2855.03,124.0,1600.0,25.0,Harangi
1386,2014-10-18,5.52,7.02,2854.63,46.0,1600.0,25.0,Harangi
1387,2014-10-19,3.4,6.88,2854.22,57.0,1650.0,25.0,Harangi
1388,2014-10-20,2.7,6.77,2853.82,187.0,1500.0,25.0,Harangi
1389,2014-10-21,4.56,6.68,2853.41,527.0,1571.0,25.0,Harangi
1390,2014-10-22,1.18,6.57,2852.91,343.0,1619.0,25.0,Harangi
1391,2014-10-23,0.88,6.45,2852.38,271.0,1625.0,25.0,Harangi
1392,2014-10-24,5.45,6.33,2851.87,323.0,1625.0,25.0,Harangi
1393,2014-10-25,4.03,6.24,2851.44,409.0,1505.0,25.0,Harangi
1394,2014-10-26,7.8,6.16,2851.07,621.0,1562.0,25.0,Harangi
1395,2014-10-27,2.24,6.05,2850.59,325.0,1550.0,25.0,Harangi
1396,2014-10-28,11.17,6.68,2853.41,527.0,1571.0,25.0,Harangi
1397,2014-10-29,1.53,5.09,2849.66,401.0,1550.0,25.0,Harangi
1398,2014-10-30,0.03,4.97,2849.11,143.0,1550.0,25.0,Harangi
1399,2014-10-31,0.0,4.83,2848.5,40.0,1600.0,25.0,Harangi
1400,2014-11-01,0.0,4.69,2847.87,37.0,1650.0,23.8,Harangi
1401,2014-11-02,0.37,4.55,2847.24,37.0,1650.0,23.8,Harangi
1402,2014-11-03,1.6,4.43,2846.68,67.0,1500.0,23.8,Harangi
1403,2014-11-04,0.0,4.31,2846.16,45.0,1375.0,23.8,Harangi
1404,2014-11-05,0.0,4.96,2845.68,148.0,1375.0,23.8,Harangi
1405,2014-11-06,0.0,4.81,2845.03,85.0,1400.0,23.8,Harangi
1406,2014-11-07,0.05,4.68,2844.43,63.0,1400.0,23.8,Harangi
1407,2014-11-08,0.0,4.57,2843.86,133.0,1400.0,23.8,Harangi
1408,2014-11-09,0.0,4.51,2843.28,71.0,1400.0,23.8,Harangi
1409,2014-11-10,0.0,4.44,2842.67,575.0,1300.0,23.8,Harangi
1410,2014-11-11,0.13,4.38,2842.07,587.0,1300.0,23.8,Harangi
1411,2014-11-12,3.42,4.32,2841.46,482.0,1300.0,23.8,Harangi
1412,2014-11-13,0.46,4.25,2840.84,655.0,1300.0,23.8,Harangi
1413,2014-11-14,0.96,4.18,2840.14,578.0,1412.0,23.8,Harangi
1414,2014-11-15,5.43,4.12,2839.6,758.0,1400.0,23.8,Harangi
1415,2014-11-16,0.0,4.11,2839.5,405.0,525.0,23.8,Harangi
1416,2014-11-17,0.0,4.04,2838.81,571.0,1392.0,23.8,Harangi
1417,2014-11-18,0.0,3.97,2838.08,566.0,1437.0,23.8,Harangi
1418,2014-11-19,0.0,3.88,2837.27,510.0,1477.0,23.8,Harangi
1419,2014-11-20,0.0,3.8,2836.44,507.0,1500.0,23.8,Harangi
1420,2014-11-21,0.0,3.71,2835.61,511.0,1500.0,23.8,Harangi
1421,2014-11-22,0.0,3.62,2834.71,485.0,1558.0,23.8,Harangi
1422,2014-11-23,0.0,3.53,2833.79,631.0,1600.0,23.8,Harangi
1423,2014-11-24,0.0,3.49,2832.87,1065.0,1600.0,23.8,Harangi
1424,2014-11-25,0.0,3.44,2831.89,1029.0,1600.0,23.8,Harangi
1425,2014-11-26,0.0,3.38,2830.89,1017.0,1600.0,23.8,Harangi
1426,2014-11-27,0.0,3.3,2829.34,987.0,1600.0,23.8,Harangi
1427,2014-11-28,0.0,3.28,2828.79,987.0,1600.0,23.8,Harangi
1428,2014-11-29,0.0,3.22,2827.74,987.0,1600.0,23.8,Harangi
1429,2014-11-30,0.0,3.17,2826.65,963.0,1600.0,23.8,Harangi
1430,2014-12-01,0.0,3.11,2825.55,956.0,1600.0,23.1,Harangi
1431,2014-12-02,0.0,3.11,2825.55,956.0,1600.0,23.1,Harangi
1432,2014-12-03,0.0,2.96,2823.25,579.0,1600.0,23.1,Harangi
1433,2014-12-04,0.0,2.86,2822.06,361.0,1600.0,23.1,Harangi
1434,2014-12-05,0.0,2.75,2820.85,340.0,1600.0,23.1,Harangi
1435,2014-12-06,0.0,2.64,2819.61,310.0,1600.0,23.1,Harangi
1436,2014-12-07,0.0,2.52,2818.33,268.0,1600.0,23.1,Harangi
1437,2014-12-08,0.33,2.4,2817.02,237.0,1600.0,23.1,Harangi
1438,2014-12-09,4.0,2.28,2815.68,205.0,1600.0,23.1,Harangi
1439,2014-12-10,0.03,2.28,2815.68,205.0,1600.0,23.1,Harangi
1440,2014-12-11,10.59,2.09,2813.38,71.0,992.0,23.1,Harangi
1441,2014-12-12,2.5,1.99,2812.03,330.0,1342.0,23.1,Harangi
1442,2014-12-13,0.96,1.89,2810.63,372.0,1500.0,23.1,Harangi
1443,2014-12-14,5.33,1.8,2809.27,415.0,1500.0,23.1,Harangi
1444,2014-12-15,0.33,1.7,2807.85,367.0,1500.0,23.1,Harangi
1445,2014-12-16,2.95,1.6,2806.43,295.0,1429.0,23.1,Harangi
1446,2014-12-17,0.0,1.55,2805.58,115.0,792.0,23.1,Harangi
1447,2014-12-18,0.0,1.43,2803.96,14.0,1300.0,23.1,Harangi
1448,2014-12-19,0.0,1.38,2802.83,230.0,873.0,23.1,Harangi
1449,2014-12-20,0.0,1.3,2801.27,386.0,1275.0,23.1,Harangi
1450,2014-12-21,0.0,1.23,2799.75,197.0,1063.0,23.1,Harangi
1451,2014-12-22,0.0,1.15,2798.23,133.0,1000.0,23.1,Harangi
1452,2014-12-23,0.0,1.08,2796.76,165.0,1000.0,23.1,Harangi
1453,2014-12-24,0.0,1.01,2795.32,175.0,1000.0,23.1,Harangi
1454,2014-12-25,0.0,0.94,2793.95,226.0,1000.0,23.1,Harangi
1455,2014-12-26,0.0,0.89,2792.63,205.0,750.0,23.1,Harangi
1456,2014-12-27,0.0,0.85,2791.35,221.0,750.0,23.1,Harangi
1457,2014-12-28,0.0,0.8,2790.14,200.0,700.0,23.1,Harangi
1458,2014-12-29,0.0,0.76,2789.05,50.0,500.0,23.1,Harangi
1459,2014-12-30,0.21,0.73,2788.01,72.0,500.0,23.1,Harangi
1460,2014-12-31,0.23,0.73,2788.01,72.0,500.0,23.1,Harangi
1461,2015-01-01,0.0,3.11,2825.55,956.0,1600.0,23.1,Harangi
1462,2015-01-02,0.12,0.72,2787.81,168.0,0.0,23.1,Harangi
1463,2015-01-03,0.0,0.73,2788.19,160.0,0.0,23.1,Harangi
1464,2015-01-04,0.0,0.75,2788.54,148.0,0.0,23.1,Harangi
1465,2015-01-05,0.0,0.76,2788.9,152.0,0.0,23.1,Harangi
1466,2015-01-06,0.0,0.77,2789.22,136.0,0.0,23.1,Harangi
1467,2015-01-07,0.0,0.79,2789.64,177.0,0.0,23.1,Harangi
1468,2015-01-08,0.0,0.79,2789.85,91.0,0.0,23.1,Harangi
1469,2015-01-09,0.0,0.8,2790.13,120.0,0.0,23.1,Harangi
1470,2015-01-10,0.0,0.81,2790.42,124.0,0.0,23.1,Harangi
1471,2015-01-11,0.0,0.82,2790.69,116.0,0.0,23.1,Harangi
1472,2015-01-12,0.0,0.83,2790.93,103.0,0.0,23.1,Harangi
1473,2015-01-13,0.0,0.84,2791.16,100.0,0.0,23.1,Harangi
1474,2015-01-14,0.0,0.85,2791.38,95.0,0.0,23.1,Harangi
1475,2015-01-15,0.0,0.86,2791.59,91.0,0.0,23.1,Harangi
1476,2015-01-16,0.0,0.86,2791.81,96.0,0.0,23.1,Harangi
1477,2015-01-17,0.0,0.87,2791.38,96.0,0.0,23.1,Harangi
1478,2015-01-18,0.0,0.88,2792.24,96.0,0.0,23.1,Harangi
1479,2015-01-19,0.0,0.89,2792.43,84.0,0.0,23.1,Harangi
1480,2015-01-20,0.0,0.89,2792.64,92.0,0.0,23.1,Harangi
1481,2015-01-21,1.14,0.9,2792.83,84.0,0.0,23.1,Harangi
1482,2015-01-22,0.0,0.91,2793.05,96.0,0.0,23.1,Harangi
1483,2015-01-23,0.0,0.92,2793.28,101.0,0.0,23.1,Harangi
1484,2015-01-24,0.0,0.92,2793.48,88.0,0.0,23.1,Harangi
1485,2015-01-25,0.0,0.93,2793.64,72.0,0.0,23.1,Harangi
1486,2015-01-26,0.0,0.93,2793.81,76.0,0.0,23.1,Harangi
1487,2015-01-27,0.0,0.94,2793.97,72.0,0.0,23.1,Harangi
1488,2015-01-28,0.0,0.95,2794.11,81.0,0.0,23.1,Harangi
1489,2015-01-29,0.0,0.95,2794.26,92.0,0.0,23.1,Harangi
1490,2015-01-30,0.0,0.96,2794.4,86.0,0.0,23.1,Harangi
1491,2015-01-31,0.0,0.97,2794.55,92.0,0.0,23.1,Harangi
1492,2015-02-01,0.0,0.97,2794.67,75.0,0.0,25.1,Harangi
1493,2015-02-02,0.0,0.98,2794.81,86.0,0.0,25.1,Harangi
1494,2015-02-03,0.0,0.99,2794.93,75.0,0.0,25.1,Harangi
1495,2015-02-04,0.0,0.99,2795.05,75.0,0.0,25.1,Harangi
1496,2015-02-05,0.0,1.0,2795.14,58.0,0.0,25.1,Harangi
1497,2015-02-06,0.0,1.0,2795.24,64.0,0.0,25.1,Harangi
1498,2015-02-07,0.0,1.01,2795.34,64.0,0.0,25.1,Harangi
1499,2015-02-08,0.0,1.01,2795.43,58.0,0.0,25.1,Harangi
1500,2015-02-09,0.0,1.02,2795.55,75.0,0.0,25.1,Harangi
1501,2015-02-10,0.0,1.02,2795.64,58.0,0.0,25.1,Harangi
1502,2015-02-11,0.0,1.03,2795.74,64.0,0.0,25.1,Harangi
1503,2015-02-12,0.0,1.03,2795.81,47.0,0.0,25.1,Harangi
1504,2015-02-13,0.0,1.04,2795.89,53.0,0.0,25.1,Harangi
1505,2015-02-14,0.0,1.04,2795.95,43.0,0.0,25.1,Harangi
1506,2015-02-15,0.0,1.04,2796.04,60.0,0.0,25.1,Harangi
1507,2015-02-16,0.0,1.05,2796.11,48.0,0.0,25.1,Harangi
1508,2015-02-17,0.0,1.05,2796.16,37.0,0.0,25.1,Harangi
1509,2015-02-18,0.0,1.05,2796.23,49.0,0.0,25.1,Harangi
1510,2015-02-19,0.11,1.05,2796.29,43.0,0.0,25.1,Harangi
1511,2015-02-20,1.95,1.06,2796.37,54.0,0.0,25.1,Harangi
1512,2015-02-21,0.0,1.06,2796.43,43.0,0.0,25.1,Harangi
1513,2015-02-22,0.0,1.06,2796.48,37.0,0.0,25.1,Harangi
1514,2015-02-23,0.0,1.07,2796.51,26.0,0.0,25.1,Harangi
1515,2015-02-24,0.0,1.07,2796.54,26.0,0.0,25.1,Harangi
1516,2015-02-25,0.0,1.07,2796.56,20.0,0.0,25.1,Harangi
1517,2015-02-26,0.0,1.07,2796.59,26.0,0.0,25.1,Harangi
1518,2015-02-27,0.0,1.07,2796.63,32.0,0.0,25.1,Harangi
1519,2015-02-28,0.12,1.07,2796.66,26.0,0.0,25.1,Harangi
1520,2015-03-01,0.0,1.08,2796.69,26.0,0.0,27.3,Harangi
1521,2015-03-02,0.11,1.08,2796.73,31.0,0.0,27.3,Harangi
1522,2015-03-03,0.0,1.08,2796.79,45.0,0.0,27.3,Harangi
1523,2015-03-04,0.01,1.08,2796.8,15.0,0.0,27.3,Harangi
1524,2015-03-05,0.21,1.08,2796.82,21.0,0.0,27.3,Harangi
1525,2015-03-06,1.86,1.08,2796.84,21.0,0.0,27.3,Harangi
1526,2015-03-07,6.58,1.08,2796.86,21.0,0.0,27.3,Harangi
1527,2015-03-08,2.89,1.09,2796.91,38.0,0.0,27.3,Harangi
1528,2015-03-09,5.27,1.09,2797.06,96.0,0.0,27.3,Harangi
1529,2015-03-10,0.45,1.1,2797.18,78.0,0.0,27.3,Harangi
1530,2015-03-11,0.0,1.1,2797.26,55.0,0.0,27.3,Harangi
1531,2015-03-12,0.0,1.1,2797.3,33.0,0.0,27.3,Harangi
1532,2015-03-13,0.0,1.11,2797.33,27.0,0.0,27.3,Harangi
1533,2015-03-14,0.0,1.11,2797.36,27.0,0.0,27.3,Harangi
1534,2015-03-15,7.59,1.11,2797.41,38.0,0.0,27.3,Harangi
1535,2015-03-16,4.15,1.11,2797.46,38.0,0.0,27.3,Harangi
1536,2015-03-17,0.09,1.12,2797.51,39.0,0.0,27.3,Harangi
1537,2015-03-18,0.0,1.12,2797.55,34.0,0.0,27.3,Harangi
1538,2015-03-19,0.0,1.12,2797.57,22.0,0.0,27.3,Harangi
1539,2015-03-20,0.0,1.12,2797.6,28.0,0.0,27.3,Harangi
1540,2015-03-21,0.0,1.12,2797.63,28.0,0.0,27.3,Harangi
1541,2015-03-22,0.0,1.12,2797.64,17.0,0.0,27.3,Harangi
1542,2015-03-23,0.0,1.12,2797.64,11.0,0.0,27.3,Harangi
1543,2015-03-24,0.0,1.12,2797.64,11.0,0.0,27.3,Harangi
1544,2015-03-25,0.0,1.12,2797.65,16.0,0.0,27.3,Harangi
1545,2015-03-26,0.0,1.12,2797.66,16.0,0.0,27.3,Harangi
1546,2015-03-27,0.0,1.12,2797.68,22.0,0.0,27.3,Harangi
1547,2015-03-28,0.0,1.12,2797.71,28.0,0.0,27.3,Harangi
1548,2015-03-29,0.26,1.12,2797.71,11.0,0.0,27.3,Harangi
1549,2015-03-30,0.0,1.12,2797.71,11.0,0.0,27.3,Harangi
1550,2015-03-31,0.62,1.12,2797.71,11.0,0.0,27.3,Harangi
1551,2015-04-01,7.44,1.13,2797.78,51.0,0.0,27.8,Harangi
1552,2015-04-02,4.53,1.13,2797.81,45.0,0.0,27.8,Harangi
1553,2015-04-03,0.58,1.14,2797.91,52.0,0.0,27.8,Harangi
1554,2015-04-04,2.22,1.14,2797.96,40.0,0.0,27.8,Harangi
1555,2015-04-05,0.01,1.14,2798.03,52.0,0.0,27.8,Harangi
1556,2015-04-06,1.45,1.14,2798.08,41.0,0.0,27.8,Harangi
1557,2015-04-07,1.95,1.15,2798.16,58.0,0.0,27.8,Harangi
1558,2015-04-08,1.91,1.15,2798.3,88.0,0.0,27.8,Harangi
1559,2015-04-09,0.41,1.16,2798.37,50.0,0.0,27.8,Harangi
1560,2015-04-10,0.01,1.16,2798.45,56.0,0.0,27.8,Harangi
1561,2015-04-11,7.1,1.17,2798.58,85.0,0.0,27.8,Harangi
1562,2015-04-12,12.43,1.17,2798.69,74.0,0.0,27.8,Harangi
1563,2015-04-13,18.97,1.18,2798.8,74.0,0.0,27.8,Harangi
1564,2015-04-14,2.93,1.19,2798.94,91.0,0.0,27.8,Harangi
1565,2015-04-15,0.71,1.19,2799.06,80.0,0.0,27.8,Harangi
1566,2015-04-16,0.45,1.2,2799.14,57.0,0.0,27.8,Harangi
1567,2015-04-17,3.62,1.2,2799.18,35.0,0.0,27.8,Harangi
1568,2015-04-18,0.0,1.2,2799.2,41.0,0.0,27.8,Harangi
1569,2015-04-19,0.03,1.2,2799.25,24.0,0.0,27.8,Harangi
1570,2015-04-20,0.0,1.2,2799.28,30.0,0.0,27.8,Harangi
1571,2015-04-21,0.57,1.2,2799.32,35.0,0.0,27.8,Harangi
1572,2015-04-22,8.29,1.21,2799.36,35.0,0.0,27.8,Harangi
1573,2015-04-23,0.14,1.21,2799.41,42.0,0.0,27.8,Harangi
1574,2015-04-24,13.66,1.22,2799.53,80.0,0.0,27.8,Harangi
1575,2015-04-25,6.2,1.22,2799.64,76.0,0.0,27.8,Harangi
1576,2015-04-26,5.53,1.23,2799.81,76.0,0.0,27.8,Harangi
1577,2015-04-27,14.78,1.24,2799.96,98.0,0.0,27.8,Harangi
1578,2015-04-28,0.0,1.24,2800.08,82.0,0.0,27.8,Harangi
1579,2015-04-29,1.71,1.25,2800.18,71.0,0.0,27.8,Harangi
1580,2015-04-30,8.83,1.25,2800.24,48.0,0.0,27.8,Harangi
1581,2015-05-01,8.29,1.25,2800.32,60.0,0.0,27.1,Harangi
1582,2015-05-02,1.55,1.26,2800.42,71.0,0.0,27.1,Harangi
1583,2015-05-03,13.01,1.27,2800.54,83.0,0.0,27.1,Harangi
1584,2015-05-04,0.7,1.27,2800.6,40.0,0.0,27.1,Harangi
1585,2015-05-05,4.84,1.27,2800.66,48.0,0.0,27.1,Harangi
1586,2015-05-06,5.98,1.28,2800.87,134.0,0.0,27.1,Harangi
1587,2015-05-07,5.36,1.28,2800.93,48.0,0.0,27.1,Harangi
1588,2015-05-08,2.18,1.29,2801.02,66.0,0.0,27.1,Harangi
1589,2015-05-09,2.17,1.29,2801.13,77.0,0.0,27.1,Harangi
1590,2015-05-10,0.0,1.3,2801.21,60.0,0.0,27.1,Harangi
1591,2015-05-11,9.23,1.31,2801.38,83.0,0.0,27.1,Harangi
1592,2015-05-12,3.25,1.31,2801.38,83.0,0.0,27.1,Harangi
1593,2015-05-13,15.42,1.31,2801.5,83.0,0.0,27.1,Harangi
1594,2015-05-14,13.48,1.32,2801.68,115.0,0.0,27.1,Harangi
1595,2015-05-15,14.35,1.33,2801.94,164.0,0.0,27.1,Harangi
1596,2015-05-16,6.89,1.35,2802.23,176.0,0.0,27.1,Harangi
1597,2015-05-17,15.92,1.36,2802.54,185.0,0.0,27.1,Harangi
1598,2015-05-18,7.27,1.38,2802.91,820.0,0.0,27.1,Harangi
1599,2015-05-19,5.96,1.39,2803.16,154.0,0.0,27.1,Harangi
1600,2015-05-20,13.02,1.41,2803.37,127.0,0.0,27.1,Harangi
1601,2015-05-21,0.24,1.41,2803.5,83.0,0.0,27.1,Harangi
1602,2015-05-22,0.0,1.42,2803.6,66.0,0.0,27.1,Harangi
1603,2015-05-23,0.0,1.42,2803.67,51.0,0.0,27.1,Harangi
1604,2015-05-24,0.0,1.42,2803.74,51.0,0.0,27.1,Harangi
1605,2015-05-25,0.38,1.43,2803.79,43.0,0.0,27.1,Harangi
1606,2015-05-26,0.0,1.43,2803.83,36.0,0.0,27.1,Harangi
1607,2015-05-27,0.0,1.43,2803.87,36.0,0.0,27.1,Harangi
1608,2015-05-28,5.17,1.43,2803.92,42.0,0.0,27.1,Harangi
1609,2015-05-29,0.55,1.44,2805.26,49.0,0.0,27.1,Harangi
1610,2015-05-30,12.08,1.44,2804.1,105.0,0.0,27.1,Harangi
1611,2015-05-31,0.0,1.46,2803.79,243.0,0.0,27.1,Harangi
1612,2015-06-01,12.34,1.47,2804.5,100.0,0.0,25.3,Harangi
1613,2015-06-02,2.34,1.47,2804.56,59.0,0.0,25.3,Harangi
1614,2015-06-03,14.27,1.48,2804.64,77.0,0.0,25.3,Harangi
1615,2015-06-04,3.15,1.49,2804.75,101.0,0.0,25.3,Harangi
1616,2015-06-05,19.61,1.5,2804.88,115.0,0.0,25.3,Harangi
1617,2015-06-06,5.29,1.51,2805.1,188.0,0.0,25.3,Harangi
1618,2015-06-07,0.43,1.52,2805.24,124.0,0.0,25.3,Harangi
1619,2015-06-08,3.34,1.53,2805.33,84.0,0.0,25.3,Harangi
1620,2015-06-09,2.19,1.53,2805.4,70.0,0.0,25.3,Harangi
1621,2015-06-10,5.73,1.54,2805.48,78.0,0.0,25.3,Harangi
1622,2015-06-11,0.0,1.55,2805.61,118.0,0.0,25.3,Harangi
1623,2015-06-12,1.88,1.56,2805.73,110.0,0.0,25.3,Harangi
1624,2015-06-13,4.06,1.56,2805.86,119.0,0.0,25.3,Harangi
1625,2015-06-14,8.51,1.58,2806.03,151.0,0.0,25.3,Harangi
1626,2015-06-15,2.29,1.6,2806.31,236.0,0.0,25.3,Harangi
1627,2015-06-16,7.95,1.62,2806.65,285.0,0.0,25.3,Harangi
1628,2015-06-17,6.55,1.63,2806.8,133.0,0.0,25.3,Harangi
1629,2015-06-18,6.92,1.66,2807.26,379.0,0.0,25.3,Harangi
1630,2015-06-19,14.58,1.7,2807.83,464.0,0.0,25.3,Harangi
1631,2015-06-20,43.1,1.9,2810.77,2362.0,0.0,25.3,Harangi
1632,2015-06-21,49.71,2.11,2813.76,2399.0,0.0,25.3,Harangi
1633,2015-06-22,72.36,2.34,2816.35,2654.0,0.0,25.3,Harangi
1634,2015-06-23,40.85,2.56,2818.79,2556.0,0.0,25.3,Harangi
1635,2015-06-24,53.53,2.8,2821.42,2755.0,0.0,25.3,Harangi
1636,2015-06-25,29.84,3.0,2823.65,2337.0,0.0,25.3,Harangi
1637,2015-06-26,75.4,3.16,2826.44,1811.0,0.0,25.3,Harangi
1638,2015-06-27,42.45,3.49,2833.04,3905.0,0.0,25.3,Harangi
1639,2015-06-28,3.45,3.65,2835.04,1809.0,0.0,25.3,Harangi
1640,2015-06-29,1.06,3.76,2836.08,1292.0,0.0,25.3,Harangi
1641,2015-06-30,5.55,3.86,2837.06,1184.0,0.0,25.3,Harangi
1642,2015-07-01,1.42,3.94,2837.79,886.0,0.0,25.0,Harangi
1643,2015-07-02,1.07,4.0,2838.38,718.0,0.0,25.0,Harangi
1644,2015-07-03,5.41,4.06,2838.95,670.0,0.0,25.0,Harangi
1645,2015-07-04,3.43,4.11,2839.5,694.0,0.0,25.0,Harangi
1646,2015-07-05,2.01,4.17,2840.06,682.0,0.0,25.0,Harangi
1647,2015-07-06,2.63,4.23,2840.6,658.0,0.0,25.0,Harangi
1648,2015-07-07,0.32,4.28,2841.1,610.0,0.0,25.0,Harangi
1649,2015-07-08,4.38,4.35,2841.72,755.0,0.0,25.0,Harangi
1650,2015-07-09,12.17,4.45,2842.68,1166.0,0.0,25.0,Harangi
1651,2015-07-10,6.47,4.6,2844.08,1805.0,0.0,25.0,Harangi
1652,2015-07-11,12.75,5.05,2846.12,5262.0,0.0,25.0,Harangi
1653,2015-07-12,6.84,5.5,2848.11,5133.0,0.0,25.0,Harangi
1654,2015-07-13,4.09,5.84,2849.66,4000.0,0.0,25.0,Harangi
1655,2015-07-14,1.79,6.09,2850.77,2867.0,0.0,25.0,Harangi
1656,2015-07-15,5.85,6.28,2851.61,2171.0,0.0,25.0,Harangi
1657,2015-07-16,3.75,6.49,2852.55,2429.0,0.0,25.0,Harangi
1658,2015-07-17,8.97,6.72,2853.58,2661.0,0.0,25.0,Harangi
1659,2015-07-18,25.21,7.33,2855.53,7082.0,0.0,25.0,Harangi
1660,2015-07-19,17.35,7.83,2857.01,10253.0,4453.0,25.0,Harangi
1661,2015-07-20,26.42,7.71,2856.67,9253.0,10581.0,25.0,Harangi
1662,2015-07-21,10.44,7.54,2856.16,5281.0,7275.0,25.0,Harangi
1663,2015-07-22,5.52,7.76,2856.8,6311.0,3800.0,25.0,Harangi
1664,2015-07-23,8.31,7.77,2856.85,4300.0,4100.0,25.0,Harangi
1665,2015-07-24,9.68,7.73,2856.73,2684.0,3150.0,25.0,Harangi
1666,2015-07-25,3.55,7.78,2856.87,1167.0,2760.0,25.0,Harangi
1667,2015-07-26,7.47,7.89,2857.21,2486.0,1150.0,25.0,Harangi
1668,2015-07-27,7.1,7.95,2857.37,2234.0,1600.0,25.0,Harangi
1669,2015-07-28,9.18,7.99,2857.48,2338.0,1900.0,25.0,Harangi
1670,2015-07-29,0.35,7.9,2857.24,1059.0,1988.0,25.0,Harangi
1671,2015-07-30,0.02,7.87,2857.15,1162.0,1504.0,25.0,Harangi
1672,2015-07-31,1.73,7.87,2857.13,998.0,1066.0,25.0,Harangi
1673,2015-08-01,3.11,7.92,2857.28,1618.0,1020.0,25.0,Harangi
1674,2015-08-02,4.03,7.94,2857.33,1652.0,1442.0,25.0,Harangi
1675,2015-08-03,1.19,7.92,2857.27,1276.0,1500.0,25.0,Harangi
1676,2015-08-04,6.62,7.95,2857.38,1942.0,1500.0,25.0,Harangi
1677,2015-08-05,7.14,8.02,2857.58,2443.0,1650.0,25.0,Harangi
1678,2015-08-06,13.46,8.02,2857.58,2443.0,1650.0,25.0,Harangi
1679,2015-08-07,17.72,8.25,2858.26,4369.0,1700.0,25.0,Harangi
1680,2015-08-08,10.03,8.5,2859.0,5813.0,2908.0,25.0,Harangi
1681,2015-08-09,5.31,8.32,2858.48,3392.0,5400.0,25.0,Harangi
1682,2015-08-10,8.07,8.17,2858.03,2497.0,4254.0,25.0,Harangi
1683,2015-08-11,7.8,8.18,2858.04,2745.0,2700.0,25.0,Harangi
1684,2015-08-12,6.2,8.31,2858.44,3780.0,2200.0,25.0,Harangi
1685,2015-08-13,8.82,8.36,2858.59,5342.0,4473.0,25.0,Harangi
1686,2015-08-14,6.48,8.13,2857.91,3448.0,4200.0,25.0,Harangi
1687,2015-08-15,3.83,8.19,2858.08,5663.0,5050.0,25.0,Harangi
1688,2015-08-16,14.0,8.22,2858.16,4586.0,4443.0,25.0,Harangi
1689,2015-08-17,2.51,8.21,2858.14,3229.0,3650.0,25.0,Harangi
1690,2015-08-18,12.33,8.13,2857.91,2542.0,3278.0,25.0,Harangi
1691,2015-08-19,21.75,8.03,2857.62,2221.0,3500.0,25.0,Harangi
1692,2015-08-20,0.73,7.96,2857.41,2553.0,3245.0,25.0,Harangi
1693,2015-08-21,1.29,7.88,2857.16,2075.0,3050.0,25.0,Harangi
1694,2015-08-22,11.21,7.76,2856.81,1287.0,3090.0,25.0,Harangi
1695,2015-08-23,10.54,7.62,2856.41,1200.0,3167.0,25.0,Harangi
1696,2015-08-24,6.6,7.45,2855.91,1382.0,3240.0,25.0,Harangi
1697,2015-08-25,3.34,7.22,2855.22,750.0,3025.0,25.0,Harangi
1698,2015-08-26,0.72,7.1,2854.87,568.0,1929.0,25.0,Harangi
1699,2015-08-27,2.65,6.99,2854.55,802.0,2046.0,25.0,Harangi
1700,2015-08-28,1.83,6.93,2854.37,2100.0,2795.0,25.0,Harangi
1701,2015-08-29,0.03,6.81,2854.0,612.0,2051.0,25.0,Harangi
1702,2015-08-30,0.56,6.77,2853.82,2250.0,2700.0,25.0,Harangi
1703,2015-08-31,0.43,6.71,2853.57,2125.0,2756.0,25.0,Harangi
1704,2015-09-01,2.68,6.67,2853.4,2476.0,2900.0,25.5,Harangi
1705,2015-09-02,0.71,6.62,2853.17,2221.0,2800.0,25.5,Harangi
1706,2015-09-03,0.52,6.56,2852.87,1956.0,2715.0,25.5,Harangi
1707,2015-09-04,1.22,6.45,2852.38,951.0,2176.0,25.5,Harangi
1708,2015-09-05,5.49,6.35,2851.95,1197.0,2292.0,25.5,Harangi
1709,2015-09-06,23.09,6.27,2851.57,1455.0,2421.0,25.5,Harangi
1710,2015-09-07,13.72,6.23,2851.42,2639.0,3013.0,25.5,Harangi
1711,2015-09-08,27.9,6.28,2851.62,2217.0,2700.0,25.5,Harangi
1712,2015-09-09,4.35,6.29,2851.67,3265.0,3129.0,25.5,Harangi
1713,2015-09-10,2.1,6.24,2851.44,3222.0,1900.0,25.5,Harangi
1714,2015-09-11,5.89,6.17,2851.14,1194.0,1997.0,25.5,Harangi
1715,2015-09-12,1.13,6.12,2850.89,1066.0,1733.0,25.5,Harangi
1716,2015-09-13,1.69,6.05,2850.6,916.0,1653.0,25.5,Harangi
1717,2015-09-14,0.95,5.97,2850.22,1052.0,2021.0,25.5,Harangi
1718,2015-09-15,0.96,5.87,2849.79,802.0,1900.0,25.5,Harangi
1719,2015-09-16,7.58,5.8,2849.48,1011.0,1800.0,25.5,Harangi
1720,2015-09-17,2.96,5.74,2849.22,1039.0,1700.0,25.5,Harangi
1721,2015-09-18,0.01,5.74,2849.22,1039.0,1700.0,25.5,Harangi
1722,2015-09-19,4.31,5.6,2848.55,885.0,1700.0,25.5,Harangi
1723,2015-09-20,6.58,5.51,2848.18,2494.0,3447.0,25.5,Harangi
1724,2015-09-21,1.91,5.35,2847.44,686.0,2593.0,25.5,Harangi
1725,2015-09-22,0.25,5.17,2846.64,384.0,2439.0,25.5,Harangi
1726,2015-09-23,0.06,4.98,2845.8,96.0,2270.0,25.5,Harangi
1727,2015-09-24,3.15,4.76,2844.78,756.0,2678.0,25.5,Harangi
1728,2015-09-25,29.52,4.56,2843.81,537.0,3569.0,25.5,Harangi
1729,2015-09-26,2.3,4.43,2842.56,3505.0,4997.0,25.5,Harangi
1730,2015-09-27,0.57,4.28,2841.08,1400.0,3950.0,25.5,Harangi
1731,2015-09-28,19.86,4.13,2839.62,1500.0,3900.0,25.5,Harangi
1732,2015-09-29,4.81,4.03,2838.67,1114.0,2247.0,25.5,Harangi
1733,2015-09-30,17.46,3.92,2837.67,674.0,1865.0,25.5,Harangi
1734,2015-10-01,6.02,3.83,2836.71,737.0,1882.0,25.5,Harangi
1735,2015-10-02,5.65,3.76,2836.13,1080.0,1760.0,25.5,Harangi
1736,2015-10-03,1.63,3.73,2835.78,1538.0,1950.0,25.5,Harangi
1737,2015-10-04,2.37,3.69,2835.37,1676.0,2150.0,25.5,Harangi
1738,2015-10-05,10.65,3.66,2835.09,1887.0,2210.0,25.5,Harangi
1739,2015-10-06,19.1,3.65,2835.04,1995.0,2045.0,25.5,Harangi
1740,2015-10-07,3.79,3.65,2835.0,2010.0,2045.0,25.5,Harangi
1741,2015-10-08,5.27,3.61,2834.68,1767.0,2138.0,25.5,Harangi
1742,2015-10-09,8.34,3.55,2834.08,1312.0,2026.0,25.5,Harangi
1743,2015-10-10,2.35,3.52,2833.61,1574.0,1890.0,25.5,Harangi
1744,2015-10-11,1.48,3.5,2833.17,1663.0,1913.0,25.5,Harangi
1745,2015-10-12,3.49,3.48,2832.79,1710.0,1925.0,25.5,Harangi
1746,2015-10-13,0.81,3.47,2832.49,1773.0,1940.0,25.5,Harangi
1747,2015-10-14,0.0,3.44,2831.91,1607.0,1940.0,25.5,Harangi
1748,2015-10-15,0.0,3.4,2831.25,1520.0,1880.0,25.5,Harangi
1749,2015-10-16,0.0,3.37,2830.58,1514.0,1879.0,25.5,Harangi
1750,2015-10-17,0.03,3.33,2829.77,1371.0,1840.0,25.5,Harangi
1751,2015-10-18,0.0,3.29,2829.08,1466.0,1864.0,25.5,Harangi
1752,2015-10-19,0.0,3.25,2828.35,1434.0,1856.0,25.5,Harangi
1753,2015-10-20,0.03,3.21,2827.54,1231.0,1700.0,25.5,Harangi
1754,2015-10-21,0.64,3.17,2826.76,814.0,1500.0,25.5,Harangi
1755,2015-10-22,0.07,3.13,2825.98,1251.0,1700.0,25.5,Harangi
1756,2015-10-23,0.0,3.09,2825.17,1233.0,1700.0,25.5,Harangi
1757,2015-10-24,0.0,3.05,2824.38,1245.0,1700.0,25.5,Harangi
1758,2015-10-25,0.0,2.98,2823.46,923.0,1700.0,25.5,Harangi
1759,2015-10-26,0.0,2.9,2822.5,707.0,1700.0,25.5,Harangi
1760,2015-10-27,0.0,2.8,2821.43,492.0,1600.0,25.5,Harangi
1761,2015-10-28,2.47,2.69,2820.23,355.0,1600.0,25.5,Harangi
1762,2015-10-29,14.37,2.59,2819.08,408.0,1600.0,25.5,Harangi
1763,2015-10-30,5.09,2.5,2818.12,606.0,1600.0,25.5,Harangi
1764,2015-10-31,8.36,2.4,2817.05,494.0,1600.0,25.5,Harangi
1765,2015-11-01,3.95,2.3,2815.92,531.0,1700.0,23.9,Harangi
1766,2015-11-02,14.35,2.22,2815.04,692.0,1600.0,23.9,Harangi
1767,2015-11-03,5.23,2.14,2814.09,218.0,1200.0,23.9,Harangi
1768,2015-11-04,10.51,2.07,2813.1,197.0,1000.0,23.9,Harangi
1769,2015-11-05,16.51,2.02,2812.41,59.0,600.0,23.9,Harangi
1770,2015-11-06,0.26,1.97,2811.71,151.0,700.0,23.9,Harangi
1771,2015-11-07,0.18,1.91,2810.87,88.0,750.0,23.9,Harangi
1772,2015-11-08,0.07,1.84,2809.85,493.0,1300.0,23.9,Harangi
1773,2015-11-09,2.0,1.76,2808.66,357.0,1300.0,23.9,Harangi
1774,2015-11-10,4.35,1.69,2807.72,557.0,1300.0,23.9,Harangi
1775,2015-11-11,5.03,1.59,2806.15,152.0,1400.0,23.9,Harangi
1776,2015-11-12,9.09,1.53,2805.41,457.0,1000.0,23.9,Harangi
1777,2015-11-13,13.57,1.47,2804.5,80.0,800.0,23.9,Harangi
1778,2015-11-14,0.13,1.4,2803.18,140.0,1000.0,23.9,Harangi
1779,2015-11-15,0.11,1.35,2802.17,232.0,800.0,23.9,Harangi
1780,2015-11-16,1.94,1.3,2801.22,266.0,800.0,23.9,Harangi
1781,2015-11-17,0.24,1.22,2799.71,145.0,1000.0,23.9,Harangi
1782,2015-11-18,0.09,1.15,2798.24,168.0,1000.0,23.9,Harangi
1783,2015-11-19,4.01,1.07,2796.58,59.0,1000.0,23.9,Harangi
1784,2015-11-20,4.33,1.0,2795.16,195.0,1000.0,23.9,Harangi
1785,2015-11-21,1.1,0.93,2793.75,241.0,1000.0,23.9,Harangi
1786,2015-11-22,0.09,0.89,2792.41,452.0,1000.0,23.9,Harangi
1787,2015-11-23,2.13,0.84,2791.22,214.0,700.0,23.9,Harangi
1788,2015-11-24,0.37,0.8,2790.15,254.0,700.0,23.9,Harangi
1789,2015-11-25,2.56,0.77,2789.16,264.0,997.0,23.9,Harangi
1790,2015-11-26,0.0,0.76,2789.91,203.0,300.0,23.9,Harangi
1791,2015-11-27,0.0,0.76,2788.91,306.0,300.0,23.9,Harangi
1792,2015-11-28,0.03,0.75,2788.52,144.0,300.0,23.9,Harangi
1793,2015-11-29,0.0,0.72,2787.72,174.0,500.0,23.9,Harangi
1794,2015-11-30,2.16,0.69,2787.04,224.0,500.0,23.9,Harangi
1795,2015-12-01,0.59,0.67,2786.48,273.0,500.0,23.7,Harangi
1796,2015-12-02,0.08,0.66,2786.0,206.0,400.0,23.7,Harangi
1797,2015-12-03,1.75,0.64,2785.6,247.0,400.0,23.7,Harangi
1798,2015-12-04,0.0,0.63,2785.29,268.0,400.0,23.7,Harangi
1799,2015-12-05,0.0,0.62,2785.0,284.0,400.0,23.7,Harangi
1800,2015-12-06,0.0,0.61,2784.74,296.0,400.0,23.7,Harangi
1801,2015-12-07,0.0,0.6,2784.48,298.0,400.0,23.7,Harangi
1802,2015-12-08,0.0,0.59,2784.25,310.0,400.0,23.7,Harangi
1803,2015-12-09,0.0,0.59,2784.08,235.0,300.0,23.7,Harangi
1804,2015-12-10,0.0,0.57,2783.41,94.0,300.0,23.7,Harangi
1805,2015-12-11,0.0,0.57,2783.41,94.0,300.0,23.7,Harangi
1806,2015-12-12,0.34,0.58,2783.67,269.0,300.0,23.7,Harangi
1807,2015-12-13,0.06,0.57,2783.56,272.0,300.0,23.7,Harangi
1808,2015-12-14,0.0,0.57,2783.49,284.0,300.0,23.7,Harangi
1809,2015-12-15,0.49,0.57,2783.41,281.0,300.0,23.7,Harangi
1810,2015-12-16,2.77,0.57,2783.36,289.0,300.0,23.7,Harangi
1811,2015-12-17,0.0,0.57,2783.31,289.0,300.0,23.7,Harangi
1812,2015-12-18,0.0,0.56,2783.23,280.0,300.0,23.7,Harangi
1813,2015-12-19,0.0,0.56,2783.14,277.0,300.0,23.7,Harangi
1814,2015-12-20,0.0,0.56,2783.06,280.0,300.0,23.7,Harangi
1815,2015-12-21,0.0,0.56,2782.99,283.0,300.0,23.7,Harangi
1816,2015-12-22,0.0,0.57,2783.31,101.0,0.0,23.7,Harangi
1817,2015-12-23,0.0,0.58,2783.77,144.0,0.0,23.7,Harangi
1818,2015-12-24,0.0,0.59,2784.18,149.0,6.9411764705882355,23.7,Harangi
1819,2015-12-25,0.0,0.6,2784.56,163.0,7.105882352941176,23.7,Harangi
1820,2015-12-26,0.0,0.62,2784.92,155.0,7.258823529411764,23.7,Harangi
1821,2015-12-27,0.0,0.63,2785.28,155.0,7.399999999999999,23.7,Harangi
1822,2015-12-28,0.0,0.64,2785.66,163.0,7.564705882352942,23.7,Harangi
1823,2015-12-29,0.0,0.65,2785.94,122.0,7.682352941176473,23.7,Harangi
1824,2015-12-30,0.0,0.66,2786.24,130.0,7.811764705882354,23.7,Harangi
1825,2015-12-31,0.0,0.67,2786.52,120.0,0.0,23.7,Harangi
1826,2016-01-01,0.0,0.68,2786.72,87.0,0.0,23.7,Harangi
1827,2016-01-02,0.0,0.69,2787.01,125.0,0.0,23.7,Harangi
1828,2016-01-03,0.0,0.7,2787.25,104.0,0.0,23.7,Harangi
1829,2016-01-04,0.0,0.71,2787.48,100.0,0.0,23.7,Harangi
1830,2016-01-05,0.0,0.71,2787.48,92.0,0.0,23.7,Harangi
1831,2016-01-06,0.0,0.72,2787.9,92.0,0.0,23.7,Harangi
1832,2016-01-07,0.0,0.73,2788.11,92.0,0.0,23.7,Harangi
1833,2016-01-08,0.0,0.74,2788.32,92.0,0.0,23.7,Harangi
1834,2016-01-09,0.0,0.75,2788.54,96.0,0.0,23.7,Harangi
1835,2016-01-10,0.0,0.75,2788.54,92.0,0.0,23.7,Harangi
1836,2016-01-11,0.0,0.76,2788.93,80.0,0.0,23.7,Harangi
1837,2016-01-12,0.0,0.77,2789.1,76.0,0.0,23.7,Harangi
1838,2016-01-13,0.0,0.77,2789.28,80.0,0.0,23.7,Harangi
1839,2016-01-14,0.0,0.78,2789.45,76.0,0.0,23.7,Harangi
1840,2016-01-15,0.0,0.79,2789.62,77.0,0.0,23.7,Harangi
1841,2016-01-16,0.0,0.79,2789.78,72.0,0.0,23.7,Harangi
1842,2016-01-17,0.0,0.8,2789.92,62.0,0.0,23.7,Harangi
1843,2016-01-18,0.0,0.8,2790.08,70.0,0.0,23.7,Harangi
1844,2016-01-19,0.06,0.81,2790.24,71.0,0.0,23.7,Harangi
1845,2016-01-20,0.14,0.81,2790.38,63.0,0.0,23.7,Harangi
1846,2016-01-21,0.0,0.82,2790.54,71.0,0.0,23.7,Harangi
1847,2016-01-22,0.05,0.83,2790.75,92.0,0.0,23.7,Harangi
1848,2016-01-23,0.0,0.83,2790.96,92.0,0.0,23.7,Harangi
1849,2016-01-24,0.0,0.84,2791.15,84.0,0.0,23.7,Harangi
1850,2016-01-25,0.0,0.85,2791.35,88.0,0.0,23.7,Harangi
1851,2016-01-26,0.34,0.85,2791.54,84.0,0.0,23.7,Harangi
1852,2016-01-27,0.0,0.86,2791.72,80.0,0.0,23.7,Harangi
1853,2016-01-28,0.0,0.87,2791.9,80.0,0.0,23.7,Harangi
1854,2016-01-29,0.0,0.87,2792.05,67.0,0.0,23.7,Harangi
1855,2016-01-30,0.0,0.88,2792.23,80.0,0.0,23.7,Harangi
1856,2016-01-31,0.0,0.88,2792.37,64.0,0.0,23.7,Harangi
1857,2016-02-01,0.0,0.89,2792.52,68.0,0.0,26.2,Harangi
1858,2016-02-02,0.0,0.89,2792.63,52.0,0.0,26.2,Harangi
1859,2016-02-03,0.0,0.9,2792.75,57.0,0.0,26.2,Harangi
1860,2016-02-04,0.0,0.9,2792.85,49.0,0.0,26.2,Harangi
1861,2016-02-05,0.0,0.91,2793.01,74.0,0.0,26.2,Harangi
1862,2016-02-06,0.0,0.91,2793.09,41.0,0.0,26.2,Harangi
1863,2016-02-07,0.0,0.91,2793.22,62.0,0.0,26.2,Harangi
1864,2016-02-08,0.0,0.92,2793.33,54.0,0.0,26.2,Harangi
1865,2016-02-09,0.0,0.92,2793.45,58.0,0.0,26.2,Harangi
1866,2016-02-10,0.0,0.93,2793.57,58.0,0.0,26.2,Harangi
1867,2016-02-11,0.96,0.93,2793.69,58.0,0.0,26.2,Harangi
1868,2016-02-12,0.2,0.93,2793.8,54.0,0.0,26.2,Harangi
1869,2016-02-13,0.0,0.94,2793.9,50.0,0.0,26.2,Harangi
1870,2016-02-14,0.0,0.94,2794.03,67.0,0.0,26.2,Harangi
1871,2016-02-15,0.0,0.95,2794.12,60.0,0.0,26.2,Harangi
1872,2016-02-16,0.0,0.95,2794.22,66.0,0.0,26.2,Harangi
1873,2016-02-17,0.0,0.96,2794.29,49.0,0.0,26.2,Harangi
1874,2016-02-18,0.0,0.96,2794.35,43.0,0.0,26.2,Harangi
1875,2016-02-19,0.0,0.96,2794.42,49.0,0.0,26.2,Harangi
1876,2016-02-20,0.0,0.97,2794.49,49.0,0.0,26.2,Harangi
1877,2016-02-21,0.0,0.97,2794.55,43.0,0.0,26.2,Harangi
1878,2016-02-22,0.0,0.97,2794.62,49.0,0.0,26.2,Harangi
1879,2016-02-23,0.0,0.98,2794.67,37.0,0.0,26.2,Harangi
1880,2016-02-24,0.0,0.98,2794.74,50.0,0.0,26.2,Harangi
1881,2016-02-25,0.65,0.98,2794.79,38.0,0.0,26.2,Harangi
1882,2016-02-26,0.72,0.99,2794.87,55.0,0.0,26.2,Harangi
1883,2016-02-27,0.17,0.99,2794.9,27.0,0.0,26.2,Harangi
1884,2016-02-28,0.0,0.99,2794.94,32.0,0.0,26.2,Harangi
1885,2016-02-29,0.0,0.99,2794.94,38.0,0.0,26.2,Harangi
1886,2016-03-01,0.0,0.99,2795.06,50.0,0.0,28.4,Harangi
1887,2016-03-02,0.0,1.0,2795.08,50.0,0.0,28.4,Harangi
1888,2016-03-03,0.0,1.0,2795.09,16.0,0.0,28.4,Harangi
1889,2016-03-04,0.0,1.0,2795.1,15.0,0.0,28.4,Harangi
1890,2016-03-05,0.0,1.0,2795.11,15.0,0.0,28.4,Harangi
1891,2016-03-06,0.0,1.0,2795.12,15.0,0.0,28.4,Harangi
1892,2016-03-07,0.0,1.0,2795.13,15.0,0.0,28.4,Harangi
1893,2016-03-08,0.9,1.0,2795.14,15.0,0.0,28.4,Harangi
1894,2016-03-09,0.0,1.0,2795.15,17.0,0.0,28.4,Harangi
1895,2016-03-10,0.0,1.0,2795.16,17.0,0.0,28.4,Harangi
1896,2016-03-11,0.0,1.0,2795.17,17.0,0.0,28.4,Harangi
1897,2016-03-12,0.0,1.0,2795.18,17.0,0.0,28.4,Harangi
1898,2016-03-13,0.38,1.0,2795.19,17.0,0.0,28.4,Harangi
1899,2016-03-14,4.93,1.0,2795.2,17.0,0.0,28.4,Harangi
1900,2016-03-15,0.02,1.0,2795.2,11.0,0.0,28.4,Harangi
1901,2016-03-16,0.0,1.0,2795.2,11.0,0.0,28.4,Harangi
1902,2016-03-17,0.0,1.0,2795.2,11.0,0.0,28.4,Harangi
1903,2016-03-18,0.0,1.0,2795.21,17.0,0.0,28.4,Harangi
1904,2016-03-19,0.0,1.0,2795.21,17.0,0.0,28.4,Harangi
1905,2016-03-20,0.18,1.0,2795.21,12.0,0.0,28.4,Harangi
1906,2016-03-21,0.0,1.0,2795.21,12.0,0.0,28.4,Harangi
1907,2016-03-22,0.0,1.0,2795.22,18.0,0.0,28.4,Harangi
1908,2016-03-23,0.43,1.0,2795.22,12.0,0.0,28.4,Harangi
1909,2016-03-24,0.02,1.0,2795.22,12.0,0.0,28.4,Harangi
1910,2016-03-25,0.68,1.0,2795.22,12.0,0.0,28.4,Harangi
1911,2016-03-26,0.0,1.0,2795.22,12.0,0.0,28.4,Harangi
1912,2016-03-27,0.0,1.0,2795.22,12.0,0.0,28.4,Harangi
1913,2016-03-28,0.0,1.0,2795.22,12.0,0.0,28.4,Harangi
1914,2016-03-29,0.0,1.0,2795.23,18.0,0.0,28.4,Harangi
1915,2016-03-30,1.07,1.0,2795.23,12.0,0.0,28.4,Harangi
1916,2016-03-31,0.11,1.0,2795.23,12.0,0.0,28.4,Harangi
1917,2016-04-01,0.0,1.0,2795.23,12.0,0.0,29.7,Harangi
1918,2016-04-02,0.11,1.0,2795.23,12.0,0.0,29.7,Harangi
1919,2016-04-03,0.78,1.0,2795.23,13.0,0.0,29.7,Harangi
1920,2016-04-04,0.0,1.0,2795.23,13.0,0.0,29.7,Harangi
1921,2016-04-05,0.03,1.0,2795.23,13.0,0.0,29.7,Harangi
1922,2016-04-06,3.97,1.0,2795.23,13.0,0.0,29.7,Harangi
1923,2016-04-07,0.0,1.0,2795.24,18.0,0.0,29.7,Harangi
1924,2016-04-08,1.32,1.0,2795.24,13.0,0.0,29.7,Harangi
1925,2016-04-09,0.0,1.0,2795.24,13.0,0.0,29.7,Harangi
1926,2016-04-10,0.17,1.0,2795.24,13.0,0.0,29.7,Harangi
1927,2016-04-11,3.18,1.0,2795.24,13.0,0.0,29.7,Harangi
1928,2016-04-12,0.05,1.0,2795.24,13.0,0.0,29.7,Harangi
1929,2016-04-13,2.22,1.0,2795.24,13.0,0.0,29.7,Harangi
1930,2016-04-14,0.0,1.0,2795.24,13.0,0.0,29.7,Harangi
1931,2016-04-15,0.46,1.0,2795.24,13.0,0.0,29.7,Harangi
1932,2016-04-16,0.92,1.0,2795.25,19.0,0.0,29.7,Harangi
1933,2016-04-17,3.55,1.0,2795.25,13.0,0.0,29.7,Harangi
1934,2016-04-18,1.28,1.0,2795.25,13.0,0.0,29.7,Harangi
1935,2016-04-19,0.0,1.0,2795.25,13.0,0.0,29.7,Harangi
1936,2016-04-20,0.0,1.0,2795.25,13.0,0.0,29.7,Harangi
1937,2016-04-21,0.0,1.0,2795.25,13.0,0.0,29.7,Harangi
1938,2016-04-22,0.57,1.0,2795.25,13.0,0.0,29.7,Harangi
1939,2016-04-23,0.0,1.0,2795.25,13.0,0.0,29.7,Harangi
1940,2016-04-24,0.0,1.0,2795.25,13.0,0.0,29.7,Harangi
1941,2016-04-25,0.0,1.0,2795.25,13.0,0.0,29.7,Harangi
1942,2016-04-26,2.77,1.0,2795.26,19.0,0.0,29.7,Harangi
1943,2016-04-27,0.04,1.0,2795.26,13.0,0.0,29.7,Harangi
1944,2016-04-28,0.6,1.0,2795.26,13.0,0.0,29.7,Harangi
1945,2016-04-29,0.0,1.0,2795.24,3.0,0.0,29.7,Harangi
1946,2016-04-30,0.0,1.0,2795.23,8.0,0.0,29.7,Harangi
1947,2016-05-01,0.47,1.0,2795.22,8.0,0.0,27.7,Harangi
1948,2016-05-02,0.0,1.0,2795.2,3.0,0.0,27.7,Harangi
1949,2016-05-03,2.9,1.0,2795.18,3.0,0.0,27.7,Harangi
1950,2016-05-04,6.83,1.0,2795.19,20.0,0.0,27.7,Harangi
1951,2016-05-05,3.96,1.0,2795.19,20.0,0.0,27.7,Harangi
1952,2016-05-06,12.38,1.0,2795.18,8.0,0.0,27.7,Harangi
1953,2016-05-07,2.09,1.0,2795.18,14.0,0.0,27.7,Harangi
1954,2016-05-08,7.57,1.0,2795.18,14.0,0.0,27.7,Harangi
1955,2016-05-09,2.89,1.0,2795.2,25.0,0.0,27.7,Harangi
1956,2016-05-10,0.32,1.0,2795.19,8.0,0.0,27.7,Harangi
1957,2016-05-11,18.36,1.0,2795.22,31.0,0.0,27.7,Harangi
1958,2016-05-12,4.4,1.0,2795.24,25.0,0.0,27.7,Harangi
1959,2016-05-13,21.28,1.01,2795.29,43.0,0.0,27.7,Harangi
1960,2016-05-14,0.01,1.01,2795.33,37.0,0.0,27.7,Harangi
1961,2016-05-15,11.49,1.01,2795.35,25.0,0.0,27.7,Harangi
1962,2016-05-16,4.94,1.01,2795.42,53.0,0.0,27.7,Harangi
1963,2016-05-17,0.39,1.01,2795.44,26.0,0.0,27.7,Harangi
1964,2016-05-18,2.5,1.01,2795.47,31.0,0.0,27.7,Harangi
1965,2016-05-19,0.41,1.02,2795.49,26.0,0.0,27.7,Harangi
1966,2016-05-20,0.13,1.02,2795.5,20.0,0.0,27.7,Harangi
1967,2016-05-21,2.76,1.02,2795.51,20.0,0.0,27.7,Harangi
1968,2016-05-22,0.0,1.02,2795.53,26.0,0.0,27.7,Harangi
1969,2016-05-23,0.0,1.02,2795.54,20.0,0.0,27.7,Harangi
1970,2016-05-24,0.0,1.02,2795.54,14.0,0.0,27.7,Harangi
1971,2016-05-25,0.04,1.02,2795.54,14.0,0.0,27.7,Harangi
1972,2016-05-26,1.49,1.02,2795.55,20.0,0.0,27.7,Harangi
1973,2016-05-27,0.12,1.02,2795.57,26.0,0.0,27.7,Harangi
1974,2016-05-28,2.49,1.02,2795.57,14.0,0.0,27.7,Harangi
1975,2016-05-29,4.61,1.02,2795.58,20.0,0.0,27.7,Harangi
1976,2016-05-30,0.93,1.03,2795.87,176.0,0.0,27.7,Harangi
1977,2016-05-31,2.7,1.04,2795.98,73.0,0.0,27.7,Harangi
1978,2016-06-01,9.55,1.05,2796.13,98.0,0.0,24.9,Harangi
1979,2016-06-02,4.05,1.06,2796.42,179.0,0.0,24.9,Harangi
1980,2016-06-03,8.73,1.07,2796.52,70.0,0.0,24.9,Harangi
1981,2016-06-04,0.79,1.07,2796.59,53.0,0.0,24.9,Harangi
1982,2016-06-05,1.31,1.07,2796.6,20.0,0.0,24.9,Harangi
1983,2016-06-06,6.84,1.07,2796.63,31.0,0.0,24.9,Harangi
1984,2016-06-07,4.03,1.08,2796.79,106.0,0.0,24.9,Harangi
1985,2016-06-08,2.53,1.08,2796.79,163.0,0.0,24.9,Harangi
1986,2016-06-09,27.54,1.1,2797.25,125.0,0.0,24.9,Harangi
1987,2016-06-10,12.5,1.13,2797.77,308.0,0.0,24.9,Harangi
1988,2016-06-11,12.2,1.15,2798.23,274.0,0.0,24.9,Harangi
1989,2016-06-12,2.89,1.19,2798.98,441.0,0.0,24.9,Harangi
1990,2016-06-13,7.18,1.21,2799.41,258.0,0.0,24.9,Harangi
1991,2016-06-14,8.11,1.24,2800.07,390.0,0.0,24.9,Harangi
1992,2016-06-15,2.86,1.27,2800.63,334.0,0.0,24.9,Harangi
1993,2016-06-16,1.66,1.29,2800.95,193.0,0.0,24.9,Harangi
1994,2016-06-17,3.48,1.3,2801.28,199.0,0.0,24.9,Harangi
1995,2016-06-18,3.51,1.36,2802.53,726.0,0.0,24.9,Harangi
1996,2016-06-19,18.42,1.43,2803.78,723.0,0.0,24.9,Harangi
1997,2016-06-20,3.32,1.49,2804.83,800.0,0.0,24.9,Harangi
1998,2016-06-21,4.3,1.54,2805.55,586.0,0.0,24.9,Harangi
1999,2016-06-22,4.03,1.61,2806.46,739.0,0.0,24.9,Harangi
2000,2016-06-23,13.62,1.68,2807.53,867.0,0.0,24.9,Harangi
2001,2016-06-24,6.31,1.88,2810.47,2364.0,0.0,24.9,Harangi
2002,2016-06-25,5.98,2.0,2812.13,1339.0,0.0,24.9,Harangi
2003,2016-06-26,5.53,2.11,2813.73,1291.0,0.0,24.9,Harangi
2004,2016-06-27,21.91,2.24,2815.22,1503.0,0.0,24.9,Harangi
2005,2016-06-28,23.72,2.56,2818.79,3742.0,0.0,24.9,Harangi
2006,2016-06-29,81.81,3.06,2824.54,6018.0,0.0,24.9,Harangi
2007,2016-06-30,41.27,3.42,2831.6,4177.0,0.0,24.9,Harangi
2008,2016-07-01,21.47,3.82,2836.64,4597.0,0.0,24.4,Harangi
2009,2016-07-02,15.8,4.22,2840.52,4669.0,0.0,24.4,Harangi
2010,2016-07-03,14.15,4.41,2842.35,2206.0,0.0,24.4,Harangi
2011,2016-07-04,13.02,4.66,2844.34,2399.0,0.0,24.4,Harangi
2012,2016-07-05,27.55,5.25,2847.0,6860.0,0.0,24.4,Harangi
2013,2016-07-06,8.22,5.67,2848.88,4851.0,0.0,24.4,Harangi
2014,2016-07-07,18.26,6.06,2850.65,4568.0,0.0,24.4,Harangi
2015,2016-07-08,4.94,6.39,2852.13,3822.0,0.0,24.4,Harangi
2016,2016-07-09,7.24,6.68,2853.41,4955.0,1624.0,24.4,Harangi
2017,2016-07-10,28.65,7.04,2854.68,4693.0,1500.0,24.4,Harangi
2018,2016-07-11,26.27,7.92,2857.27,15223.0,5072.0,24.4,Harangi
2019,2016-07-12,6.85,7.97,2857.43,5070.0,4435.0,24.4,Harangi
2020,2016-07-13,12.24,8.07,2857.74,5851.0,4635.0,24.4,Harangi
2021,2016-07-14,4.0,7.85,2857.08,843.0,3420.0,24.4,Harangi
2022,2016-07-15,6.68,7.93,2857.3,3070.0,2200.0,24.4,Harangi
2023,2016-07-16,8.33,8.05,2857.66,3618.0,2200.0,24.4,Harangi
2024,2016-07-17,5.47,8.11,2857.86,3142.0,2350.0,24.4,Harangi
2025,2016-07-18,3.14,8.17,2858.01,3513.0,2917.0,24.4,Harangi
2026,2016-07-19,7.18,8.13,2857.9,2577.0,3000.0,24.4,Harangi
2027,2016-07-20,1.58,8.09,2857.79,2556.0,2979.0,24.4,Harangi
2028,2016-07-21,10.61,8.16,2857.99,3542.0,2750.0,24.4,Harangi
2029,2016-07-22,10.09,8.25,2858.26,4232.0,3167.0,24.4,Harangi
2030,2016-07-23,5.31,8.16,2857.98,4968.0,6057.0,24.4,Harangi
2031,2016-07-24,5.74,8.23,2858.21,5656.0,4747.0,24.4,Harangi
2032,2016-07-25,1.66,8.24,2858.24,4873.0,4747.0,24.4,Harangi
2033,2016-07-26,0.32,8.18,2858.04,3980.0,4747.0,24.4,Harangi
2034,2016-07-27,5.17,8.14,2857.93,3176.0,3604.0,24.4,Harangi
2035,2016-07-28,6.14,8.13,2857.9,2558.0,2667.0,24.4,Harangi
2036,2016-07-29,17.71,8.13,2857.91,1910.0,1667.0,24.4,Harangi
2037,2016-07-30,5.17,8.08,2857.76,2020.0,2500.0,24.4,Harangi
2038,2016-07-31,12.69,8.06,2857.71,2312.0,2500.0,24.4,Harangi
2039,2016-08-01,2.78,8.04,2857.64,2234.0,2500.0,24.9,Harangi
2040,2016-08-02,6.74,8.03,2857.62,2430.0,2500.0,24.9,Harangi
2041,2016-08-03,12.57,8.03,2857.6,2429.0,2500.0,24.9,Harangi
2042,2016-08-04,5.95,8.1,2857.82,3070.0,2200.0,24.9,Harangi
2043,2016-08-05,11.65,8.26,2858.28,6586.0,5050.0,24.9,Harangi
2044,2016-08-06,7.77,8.08,2857.76,4111.0,6140.0,24.9,Harangi
2045,2016-08-07,8.6,8.1,2857.81,2904.0,2700.0,24.9,Harangi
2046,2016-08-08,5.86,8.16,2857.98,4606.0,3940.0,24.9,Harangi
2047,2016-08-09,4.04,8.1,2857.83,3885.0,4465.0,24.9,Harangi
2048,2016-08-10,7.29,7.91,2857.26,2975.0,5200.0,24.9,Harangi
2049,2016-08-11,2.23,8.05,2857.66,5597.0,4023.0,24.9,Harangi
2050,2016-08-12,3.59,8.08,2857.76,4131.0,3732.0,24.9,Harangi
2051,2016-08-13,6.35,8.15,2857.95,5362.0,4610.0,24.9,Harangi
2052,2016-08-14,7.35,8.07,2857.73,4690.0,5544.0,24.9,Harangi
2053,2016-08-15,4.72,8.08,2857.75,5152.0,5544.0,24.9,Harangi
2054,2016-08-16,8.49,8.21,2858.13,7643.0,6148.0,24.9,Harangi
2055,2016-08-17,8.14,8.05,2857.68,7275.0,9016.0,24.9,Harangi
2056,2016-08-18,12.96,7.88,2857.16,7003.0,9031.0,24.9,Harangi
2057,2016-08-19,6.83,7.89,2857.21,7221.0,7026.0,24.9,Harangi
2058,2016-08-20,1.61,7.91,2857.25,5626.0,5618.0,24.9,Harangi
2059,2016-08-21,0.07,7.94,2857.34,4760.0,4400.0,24.9,Harangi
2060,2016-08-22,3.09,7.85,2857.09,3429.0,4400.0,24.9,Harangi
2061,2016-08-23,2.44,7.77,2856.85,1772.0,2704.0,24.9,Harangi
2062,2016-08-24,6.1,7.85,2857.08,3037.0,2129.0,24.9,Harangi
2063,2016-08-25,1.71,7.85,2857.07,3039.0,3070.0,24.9,Harangi
2064,2016-08-26,2.8,7.78,2856.88,2366.0,3100.0,24.9,Harangi
2065,2016-08-27,3.37,7.68,2856.59,1664.0,2800.0,24.9,Harangi
2066,2016-08-28,6.61,7.58,2856.29,1441.0,2608.0,24.9,Harangi
2067,2016-08-29,1.89,7.5,2856.03,1542.0,2591.0,24.9,Harangi
2068,2016-08-30,3.63,7.4,2855.75,1097.0,2500.0,24.9,Harangi
2069,2016-08-31,6.36,7.32,2855.52,1611.0,2500.0,24.9,Harangi
2070,2016-09-01,4.29,7.24,2855.28,1571.0,2500.0,25.0,Harangi
2071,2016-09-02,3.42,7.15,2855.0,1414.0,2500.0,25.0,Harangi
2072,2016-09-03,2.98,6.99,2854.53,670.0,2500.0,25.0,Harangi
2073,2016-09-04,1.52,6.98,2854.51,797.0,2275.0,25.0,Harangi
2074,2016-09-05,0.11,6.77,2853.82,921.0,1962.0,25.0,Harangi
2075,2016-09-06,0.41,6.75,2853.73,1681.0,1900.0,25.0,Harangi
2076,2016-09-07,2.21,6.7,2853.52,2069.0,2598.0,25.0,Harangi
2077,2016-09-08,0.98,6.47,2852.5,1286.0,3900.0,25.0,Harangi
2078,2016-09-09,0.31,6.23,2851.4,1080.0,3900.0,25.0,Harangi
2079,2016-09-10,0.81,6.0,2850.37,1260.0,3900.0,25.0,Harangi
2080,2016-09-11,0.52,5.76,2849.3,1157.0,3900.0,25.0,Harangi
2081,2016-09-12,1.22,5.51,2848.15,951.0,3900.0,25.0,Harangi
2082,2016-09-13,0.3,5.21,2846.83,513.0,3900.0,25.0,Harangi
2083,2016-09-14,2.74,4.93,2845.58,694.0,3900.0,25.0,Harangi
2084,2016-09-15,5.61,4.67,2844.38,822.0,3900.0,25.0,Harangi
2085,2016-09-16,5.5,4.56,2843.79,2681.0,3900.0,25.0,Harangi
2086,2016-09-17,4.71,4.5,2843.23,3236.0,3900.0,25.0,Harangi
2087,2016-09-18,0.29,4.45,2842.71,1784.0,2400.0,25.0,Harangi
2088,2016-09-19,1.38,4.38,2842.02,1480.0,2400.0,25.0,Harangi
2089,2016-09-20,1.02,4.3,2841.32,1570.0,2400.0,25.0,Harangi
2090,2016-09-21,1.71,4.3,2841.24,1330.0,1415.0,25.0,Harangi
2091,2016-09-22,7.54,4.36,2841.82,1185.0,500.0,25.0,Harangi
2092,2016-09-23,4.47,4.43,2842.58,1800.0,875.0,25.0,Harangi
2093,2016-09-24,10.87,4.58,2843.98,1695.0,0.0,25.0,Harangi
2094,2016-09-25,5.34,5.13,2846.44,6317.0,0.0,25.0,Harangi
2095,2016-09-26,3.44,5.55,2848.34,4902.0,0.0,25.0,Harangi
2096,2016-09-27,2.57,5.94,2850.12,4593.0,0.0,25.0,Harangi
2097,2016-09-28,0.43,6.24,2851.45,3434.0,0.0,25.0,Harangi
2098,2016-09-29,5.43,6.48,2852.52,2765.0,0.0,25.0,Harangi
2099,2016-09-30,1.76,6.68,2853.43,2353.0,0.0,25.0,Harangi
2100,2016-10-01,1.55,6.87,2854.17,2908.0,0.0,25.4,Harangi
2101,2016-10-02,0.02,7.08,2854.79,2438.0,0.0,25.4,Harangi
2102,2016-10-03,0.0,7.27,2855.35,2203.0,0.0,25.4,Harangi
2103,2016-10-04,0.0,7.1,2854.85,345.0,2292.0,25.4,Harangi
2104,2016-10-05,0.0,6.44,2852.35,930.0,5500.0,25.4,Harangi
2105,2016-10-06,0.02,5.87,2849.77,1155.0,5500.0,25.4,Harangi
2106,2016-10-07,0.0,5.49,2848.08,365.0,5500.0,25.4,Harangi
2107,2016-10-08,0.17,5.03,2846.0,248.0,5500.0,25.4,Harangi
2108,2016-10-09,1.29,4.56,2843.83,134.0,5500.0,25.4,Harangi
2109,2016-10-10,0.17,4.32,2841.52,125.0,5500.0,25.4,Harangi
2110,2016-10-11,0.19,4.25,2840.8,261.0,1670.0,25.4,Harangi
2111,2016-10-12,0.72,4.25,2840.77,350.0,562.0,25.4,Harangi
2112,2016-10-13,4.52,4.29,2841.16,369.0,0.0,25.4,Harangi
2113,2016-10-14,5.29,4.33,2841.55,450.0,0.0,25.4,Harangi
2114,2016-10-15,12.2,4.38,2842.08,382.0,0.0,25.4,Harangi
2115,2016-10-16,0.0,4.42,2842.48,470.0,0.0,25.4,Harangi
2116,2016-10-17,0.0,4.46,2842.78,361.0,0.0,25.4,Harangi
2117,2016-10-18,0.0,4.48,2843.06,337.0,0.0,25.4,Harangi
2118,2016-10-19,0.0,4.51,2843.31,301.0,0.0,25.4,Harangi
2119,2016-10-20,0.0,4.54,2843.56,301.0,0.0,25.4,Harangi
2120,2016-10-21,0.0,4.56,2843.78,264.0,0.0,25.4,Harangi
2121,2016-10-22,0.0,4.57,2843.88,120.0,0.0,25.4,Harangi
2122,2016-10-23,0.0,4.58,2843.96,100.0,0.0,25.4,Harangi
2123,2016-10-24,0.03,4.62,2844.16,471.89,0.0,25.4,Harangi
2124,2016-10-25,0.0,4.47,2842.96,175.0,2000.0,25.4,Harangi
2125,2016-10-26,0.0,4.36,2841.83,650.0,2000.0,25.4,Harangi
2126,2016-10-27,0.0,4.24,2840.69,640.0,2000.0,25.4,Harangi
2127,2016-10-28,0.0,4.1,2839.36,411.0,2000.0,25.4,Harangi
2128,2016-10-29,0.0,3.88,2837.24,450.0,3000.0,25.4,Harangi
2129,2016-10-30,0.0,3.58,2834.32,450.0,6500.0,25.4,Harangi
2130,2016-10-31,6.12,3.42,2831.54,350.0,5000.0,25.4,Harangi
2131,2016-11-01,11.69,3.26,2828.41,362.0,5000.0,24.0,Harangi
2132,2016-11-02,5.0,3.14,2826.1,363.0,5000.0,24.0,Harangi
2133,2016-11-03,0.0,3.1,2825.37,443.0,1875.0,24.0,Harangi
2134,2016-11-04,0.29,3.11,2825.45,47.0,0.0,24.0,Harangi
2135,2016-11-05,0.0,3.12,2825.65,130.0,0.0,24.0,Harangi
2136,2016-11-06,0.0,3.13,2825.87,118.0,0.0,24.0,Harangi
2137,2016-11-07,0.0,3.14,2826.06,106.0,0.0,24.0,Harangi
2138,2016-11-08,0.0,3.15,2826.24,100.0,0.0,24.0,Harangi
2139,2016-11-09,0.0,3.16,2826.4,94.0,0.0,24.0,Harangi
2140,2016-11-10,0.0,3.16,2826.58,106.0,0.0,24.0,Harangi
2141,2016-11-11,0.0,3.05,2824.3,90.0,3641.0,24.0,Harangi
2142,2016-11-12,0.0,2.78,2821.24,86.0,5000.0,24.0,Harangi
2143,2016-11-13,0.0,2.49,2817.95,90.0,4500.0,24.0,Harangi
2144,2016-11-14,1.05,2.21,2814.92,88.0,3500.0,24.0,Harangi
2145,2016-11-15,1.6,2.03,2812.54,82.0,2400.0,24.0,Harangi
2146,2016-11-16,0.0,2.04,2812.73,92.0,0.0,24.0,Harangi
2147,2016-11-17,0.07,2.06,2812.95,176.0,0.0,24.0,Harangi
2148,2016-11-18,0.05,2.07,2813.16,168.0,0.0,24.0,Harangi
2149,2016-11-19,0.0,2.09,2813.37,168.0,0.0,24.0,Harangi
2150,2016-11-20,0.0,2.1,2813.58,168.0,0.0,24.0,Harangi
2151,2016-11-21,0.0,2.11,2813.77,152.0,0.0,24.0,Harangi
2152,2016-11-22,0.0,2.13,2813.95,144.0,0.0,24.0,Harangi
2153,2016-11-23,0.0,2.14,2814.12,165.0,0.0,24.0,Harangi
2154,2016-11-24,0.0,2.16,2814.3,188.0,0.0,24.0,Harangi
2155,2016-11-25,0.0,2.16,2814.39,95.0,0.0,24.0,Harangi
2156,2016-11-26,0.0,2.17,2814.49,95.0,0.0,24.0,Harangi
2157,2016-11-27,0.0,2.19,2814.63,146.0,0.0,24.0,Harangi
2158,2016-11-28,0.0,2.2,2814.8,177.0,0.0,24.0,Harangi
2159,2016-11-29,0.0,2.22,2815.02,230.0,0.0,24.0,Harangi
2160,2016-11-30,0.0,2.23,2815.16,146.0,0.0,24.0,Harangi
2161,2016-12-01,0.0,2.25,2815.29,135.0,0.0,23.3,Harangi
2162,2016-12-02,0.39,2.26,2815.42,135.0,0.0,23.3,Harangi
2163,2016-12-03,1.72,2.27,2815.56,146.0,0.0,23.3,Harangi
2164,2016-12-04,2.56,2.29,2815.75,198.0,0.0,23.3,Harangi
2165,2016-12-05,0.0,2.3,2815.93,188.0,0.0,23.3,Harangi
2166,2016-12-06,1.21,2.32,2816.08,156.0,0.0,23.3,Harangi
2167,2016-12-07,0.0,2.33,2816.23,156.0,0.0,23.3,Harangi
2168,2016-12-08,0.0,2.34,2816.35,125.0,0.0,23.3,Harangi
2169,2016-12-09,0.0,2.35,2816.46,115.0,0.0,23.3,Harangi
2170,2016-12-10,0.0,2.36,2816.59,135.0,0.0,23.3,Harangi
2171,2016-12-11,0.29,2.37,2816.71,125.0,0.0,23.3,Harangi
2172,2016-12-12,0.0,2.38,2816.81,104.0,0.0,23.3,Harangi
2173,2016-12-13,7.91,2.39,2816.91,104.0,0.0,23.3,Harangi
2174,2016-12-14,26.0,2.42,2817.18,188.0,0.0,23.3,Harangi
2175,2016-12-15,4.75,2.44,2817.48,313.0,0.0,23.3,Harangi
2176,2016-12-16,0.0,2.46,2817.66,188.0,0.0,23.3,Harangi
2177,2016-12-17,0.02,2.47,2817.79,135.0,0.0,23.3,Harangi
2178,2016-12-18,0.0,2.48,2817.91,125.0,0.0,23.3,Harangi
2179,2016-12-19,0.0,2.49,2818.03,125.0,0.0,23.3,Harangi
2180,2016-12-20,0.0,2.5,2818.13,104.0,0.0,23.3,Harangi
2181,2016-12-21,0.0,2.51,2818.24,115.0,0.0,23.3,Harangi
2182,2016-12-22,0.0,2.52,2818.31,73.0,0.0,23.3,Harangi
2183,2016-12-23,0.0,2.53,2818.39,83.0,0.0,23.3,Harangi
2184,2016-12-24,0.0,2.53,2818.46,73.0,0.0,23.3,Harangi
2185,2016-12-25,0.0,2.54,2818.54,83.0,0.0,23.3,Harangi
2186,2016-12-26,0.0,2.54,2818.6,63.0,0.0,23.3,Harangi
2187,2016-12-27,0.0,2.55,2818.67,73.0,0.0,23.3,Harangi
2188,2016-12-28,0.0,2.56,2818.74,73.0,0.0,23.3,Harangi
2189,2016-12-29,0.0,2.56,2818.79,52.0,0.0,23.3,Harangi
2190,2016-12-30,0.0,2.57,2818.84,52.0,0.0,23.3,Harangi
2191,2016-12-31,0.0,2.57,2818.89,52.0,0.0,23.3,Harangi
2192,2017-01-01,0.0,2.58,2818.95,62.0,0.0,25.9,Harangi
2193,2017-01-02,0.0,2.58,2819.0,52.0,0.0,25.9,Harangi
2194,2017-01-03,0.0,2.59,2819.05,52.0,0.0,25.9,Harangi
2195,2017-01-04,0.0,2.59,2819.1,52.0,0.0,25.9,Harangi
2196,2017-01-05,0.0,2.59,2819.15,52.0,0.0,25.9,Harangi
2197,2017-01-06,0.0,2.6,2819.19,42.0,0.0,25.9,Harangi
2198,2017-01-07,0.0,2.6,2819.24,52.0,0.0,25.9,Harangi
2199,2017-01-08,0.0,2.61,2819.29,52.0,0.0,25.9,Harangi
2200,2017-01-09,0.0,2.61,2819.32,32.0,0.0,25.9,Harangi
2201,2017-01-10,0.0,2.61,2819.36,41.0,0.0,25.9,Harangi
2202,2017-01-11,0.0,2.62,2819.39,31.0,0.0,25.9,Harangi
2203,2017-01-12,0.0,2.62,2819.43,41.0,0.0,25.9,Harangi
2204,2017-01-13,0.0,2.62,2819.46,31.0,0.0,25.9,Harangi
2205,2017-01-14,0.0,2.63,2819.5,41.0,0.0,25.9,Harangi
2206,2017-01-15,0.0,2.63,2819.54,41.0,0.0,25.9,Harangi
2207,2017-01-16,0.0,2.63,2819.56,41.0,0.0,25.9,Harangi
2208,2017-01-17,0.0,2.63,2819.59,31.0,0.0,25.9,Harangi
2209,2017-01-18,0.0,2.64,2819.61,21.0,0.0,25.9,Harangi
2210,2017-01-19,0.0,2.64,2819.62,22.0,0.0,25.9,Harangi
2211,2017-01-20,0.0,2.64,2819.63,18.0,0.0,25.9,Harangi
2212,2017-01-21,0.0,2.64,2819.65,20.0,0.0,25.9,Harangi
2213,2017-01-22,0.0,2.64,2819.67,20.0,0.0,25.9,Harangi
2214,2017-01-23,0.0,2.64,2819.69,20.0,0.0,25.9,Harangi
2215,2017-01-24,0.0,2.64,2819.69,20.0,0.0,25.9,Harangi
2216,2017-01-25,0.0,2.64,2819.71,18.0,0.0,25.9,Harangi
2217,2017-01-26,0.0,2.64,2819.71,18.0,0.0,25.9,Harangi
2218,2017-01-27,1.67,2.65,2819.72,18.0,0.0,25.9,Harangi
2219,2017-01-28,28.35,2.67,2820.03,313.0,0.0,25.9,Harangi
2220,2017-01-29,1.62,2.69,2820.22,198.0,0.0,25.9,Harangi
2221,2017-01-30,0.0,2.7,2820.29,73.0,0.0,25.9,Harangi
2222,2017-01-31,0.0,2.7,2820.32,31.0,0.0,25.9,Harangi
2223,2017-02-01,0.0,2.7,2820.35,31.0,0.0,25.6,Harangi
2224,2017-02-02,0.0,2.71,2820.38,31.0,0.0,25.6,Harangi
2225,2017-02-03,0.0,2.71,2820.39,15.0,0.0,25.6,Harangi
2226,2017-02-04,0.0,2.71,2820.41,20.0,0.0,25.6,Harangi
2227,2017-02-05,0.0,2.71,2820.43,20.0,0.0,25.6,Harangi
2228,2017-02-06,0.0,2.71,2820.43,20.0,0.0,25.6,Harangi
2229,2017-02-07,0.0,2.71,2820.44,15.0,0.0,25.6,Harangi
2230,2017-02-08,0.0,2.71,2820.44,15.0,0.0,25.6,Harangi
2231,2017-02-09,0.0,2.71,2820.44,15.0,0.0,25.6,Harangi
2232,2017-02-10,0.0,2.71,2820.44,15.0,0.0,25.6,Harangi
2233,2017-02-11,0.0,2.71,2820.44,10.0,0.0,25.6,Harangi
2234,2017-02-12,0.0,2.71,2820.44,10.0,0.0,25.6,Harangi
2235,2017-02-13,0.0,2.71,2820.44,10.0,0.0,25.6,Harangi
2236,2017-02-14,0.0,2.71,2820.43,8.0,0.0,25.6,Harangi
2237,2017-02-15,0.0,2.71,2820.43,8.0,0.0,25.6,Harangi
2238,2017-02-16,0.0,2.71,2820.43,9.0,0.0,25.6,Harangi
2239,2017-02-17,0.0,2.71,2820.42,8.0,0.0,25.6,Harangi
2240,2017-02-18,0.0,2.71,2820.41,8.0,0.0,25.6,Harangi
2241,2017-02-19,0.0,2.71,2820.39,8.0,0.0,25.6,Harangi
2242,2017-02-20,0.0,2.7,2820.36,7.0,0.0,25.6,Harangi
2243,2017-02-21,0.0,2.7,2820.32,7.0,0.0,25.6,Harangi
2244,2017-02-22,0.0,2.7,2820.28,8.0,0.0,25.6,Harangi
2245,2017-02-23,0.0,2.7,2820.28,7.0,0.0,25.6,Harangi
2246,2017-02-24,0.0,2.62,2819.48,5.0,2092.0,25.6,Harangi
2247,2017-02-25,0.0,2.41,2817.08,5.0,2510.0,25.6,Harangi
2248,2017-02-26,0.0,2.05,2812.88,5.0,3974.0,25.6,Harangi
2249,2017-02-27,0.0,1.86,2810.18,5.0,2162.0,25.6,Harangi
2250,2017-02-28,0.0,1.75,2808.58,5.0,1281.0,25.6,Harangi
2251,2017-03-01,0.0,1.75,2808.53,5.0,30.0,24.6,Harangi
2252,2017-03-02,0.0,1.75,2808.5,5.0,10.0,24.6,Harangi
2253,2017-03-03,0.0,1.75,2808.5,5.0,20.0,24.6,Harangi
2254,2017-03-04,0.0,1.74,2808.43,5.0,5.0,24.6,Harangi
2255,2017-03-05,0.0,1.74,2808.41,5.0,5.0,24.6,Harangi
2256,2017-03-06,0.01,1.74,2808.38,5.0,5.0,24.6,Harangi
2257,2017-03-07,2.4,1.74,2808.38,5.0,5.0,24.6,Harangi
2258,2017-03-08,2.52,1.74,2808.33,5.0,5.0,24.6,Harangi
2259,2017-03-09,0.0,1.73,2808.3,5.0,5.0,24.6,Harangi
2260,2017-03-10,0.0,1.73,2808.26,5.0,5.0,24.6,Harangi
2261,2017-03-11,0.0,1.73,2808.22,5.0,5.0,24.6,Harangi
2262,2017-03-12,0.0,1.72,2808.17,5.0,5.0,24.6,Harangi
2263,2017-03-13,0.0,1.72,2808.13,5.0,5.0,24.6,Harangi
2264,2017-03-14,0.0,1.72,2808.09,5.0,5.0,24.6,Harangi
2265,2017-03-15,3.71,1.72,2808.07,5.0,8.0,24.6,Harangi
2266,2017-03-16,5.16,1.72,2808.04,5.0,8.0,24.6,Harangi
2267,2017-03-17,0.13,1.72,2808.04,5.0,8.0,24.6,Harangi
2268,2017-03-18,0.19,1.71,2808.02,5.0,8.0,24.6,Harangi
2269,2017-03-19,0.0,1.71,2807.99,5.0,8.0,24.6,Harangi
2270,2017-03-20,0.0,1.71,2807.95,5.0,8.0,24.6,Harangi
2271,2017-03-21,0.0,1.71,2807.91,5.0,8.0,24.6,Harangi
2272,2017-03-22,2.11,1.7,2807.88,8.0,8.0,24.6,Harangi
2273,2017-03-23,0.0,1.7,2807.83,5.0,8.0,24.6,Harangi
2274,2017-03-24,0.0,1.7,2807.8,5.0,8.0,24.6,Harangi
2275,2017-03-25,0.0,1.7,2807.77,5.0,8.0,24.6,Harangi
2276,2017-03-26,0.0,1.67,2807.33,5.0,8.0,24.6,Harangi
2277,2017-03-27,0.0,1.69,2807.68,5.0,8.0,24.6,Harangi
2278,2017-03-28,0.0,1.69,2807.62,4.0,9.0,24.6,Harangi
2279,2017-03-29,0.0,1.68,2807.56,4.0,9.0,24.6,Harangi
2280,2017-03-30,0.0,1.68,2807.5,4.0,9.0,24.6,Harangi
2281,2017-03-31,0.0,1.68,2807.46,4.0,9.0,24.6,Harangi
2282,2017-04-01,0.0,1.67,2807.41,4.0,9.0,24.6,Harangi
2283,2017-04-02,0.0,1.67,2807.36,4.0,9.0,24.6,Harangi
2284,2017-04-03,0.0,1.67,2807.31,4.0,9.0,24.6,Harangi
2285,2017-04-04,0.0,1.66,2807.25,4.0,9.0,24.6,Harangi
2286,2017-04-05,3.78,1.66,2807.23,10.0,9.0,24.6,Harangi
2287,2017-04-06,1.94,1.66,2807.19,10.0,9.0,24.6,Harangi
2288,2017-04-07,32.21,1.66,2807.19,30.0,9.0,24.6,Harangi
2289,2017-04-08,1.46,1.65,2807.16,5.0,9.0,24.6,Harangi
2290,2017-04-09,1.19,1.66,2807.17,8.0,9.0,24.6,Harangi
2291,2017-04-10,6.37,1.66,2807.17,8.0,9.0,24.6,Harangi
2292,2017-04-11,7.8,1.65,2807.14,8.0,9.0,24.6,Harangi
2293,2017-04-12,6.62,1.65,2807.13,10.0,9.0,24.6,Harangi
2294,2017-04-13,0.0,1.65,2807.11,10.0,9.0,24.6,Harangi
2295,2017-04-14,0.86,1.65,2807.08,8.0,9.0,24.6,Harangi
2296,2017-04-15,2.03,1.65,2807.05,5.0,9.0,24.6,Harangi
2297,2017-04-16,0.0,1.65,2807.02,5.0,9.0,24.6,Harangi
2298,2017-04-17,5.43,1.64,2806.98,5.0,9.0,24.6,Harangi
2299,2017-04-18,1.94,1.64,2806.92,5.0,9.0,24.6,Harangi
2300,2017-04-19,1.75,1.64,2806.89,5.0,13.0,24.6,Harangi
2301,2017-04-20,1.33,1.63,2806.85,5.0,11.0,24.6,Harangi
2302,2017-04-21,6.87,1.63,2806.85,5.0,11.0,24.6,Harangi
2303,2017-04-22,0.09,1.63,2806.8,6.0,11.0,24.6,Harangi
2304,2017-04-23,0.0,1.63,2806.78,5.0,11.0,24.6,Harangi
2305,2017-04-24,0.0,1.63,2806.75,5.0,11.0,24.6,Harangi
2306,2017-04-25,0.0,1.62,2806.69,5.0,11.0,24.6,Harangi
2307,2017-04-26,2.23,1.62,2806.69,5.0,11.0,24.6,Harangi
2308,2017-04-27,0.5,1.62,2806.61,5.0,11.0,24.6,Harangi
2309,2017-04-28,5.61,1.61,2806.57,5.0,11.0,24.6,Harangi
2310,2017-04-29,0.82,1.61,2806.53,5.0,11.0,24.6,Harangi
2311,2017-04-30,15.36,1.61,2806.48,5.0,11.0,24.6,Harangi
2312,2017-05-01,0.0,1.6,2806.43,5.0,11.0,26.3,Harangi
2313,2017-05-02,6.81,1.61,2806.56,104.0,11.0,26.3,Harangi
2314,2017-05-03,3.83,1.62,2806.59,24.0,11.0,26.3,Harangi
2315,2017-05-04,6.14,1.62,2806.64,40.0,11.0,26.3,Harangi
2316,2017-05-05,0.3,1.62,2806.62,16.0,11.0,26.3,Harangi
2317,2017-05-06,1.33,1.62,2806.67,30.0,11.0,26.3,Harangi
2318,2017-05-07,3.61,1.62,2806.7,20.0,11.0,26.3,Harangi
2319,2017-05-08,13.58,1.62,2806.7,20.0,11.0,26.3,Harangi
2320,2017-05-09,0.0,1.62,2806.7,30.0,11.0,26.3,Harangi
2321,2017-05-10,2.32,1.62,2806.7,30.0,11.0,26.3,Harangi
2322,2017-05-11,5.44,1.62,2806.69,25.0,11.0,26.3,Harangi
2323,2017-05-12,1.31,1.62,2806.69,25.0,11.0,26.3,Harangi
2324,2017-05-13,3.59,1.62,2806.67,20.0,11.0,26.3,Harangi
2325,2017-05-14,0.83,1.62,2806.65,20.0,11.0,26.3,Harangi
2326,2017-05-15,7.69,1.62,2806.65,25.0,11.0,26.3,Harangi
2327,2017-05-16,0.0,1.62,2806.63,20.0,11.0,26.3,Harangi
2328,2017-05-17,0.58,1.62,2806.61,20.0,11.0,26.3,Harangi
2329,2017-05-18,0.11,1.62,2806.59,20.0,11.0,26.3,Harangi
2330,2017-05-19,21.88,1.63,2806.78,152.0,11.0,26.3,Harangi
2331,2017-05-20,0.0,1.63,2806.79,25.0,11.0,26.3,Harangi
2332,2017-05-21,10.46,1.64,2806.92,105.0,11.0,26.3,Harangi
2333,2017-05-22,1.0,1.64,2806.92,40.0,11.0,26.3,Harangi
2334,2017-05-23,1.82,1.64,2806.91,30.0,11.0,26.3,Harangi
2335,2017-05-24,13.94,1.64,2806.9,30.0,11.0,26.3,Harangi
2336,2017-05-25,0.28,1.64,2806.89,25.0,11.0,26.3,Harangi
2337,2017-05-26,0.0,1.63,2806.87,20.0,11.0,26.3,Harangi
2338,2017-05-27,18.29,1.64,2806.88,30.0,11.0,26.3,Harangi
2339,2017-05-28,0.46,1.63,2806.87,20.0,11.0,26.3,Harangi
2340,2017-05-29,3.88,1.63,2806.87,20.0,11.0,26.3,Harangi
2341,2017-05-30,2.26,1.63,2806.86,20.0,11.0,26.3,Harangi
2342,2017-05-31,2.7,1.64,2806.91,40.0,11.0,26.3,Harangi
2343,2017-06-01,1.32,1.65,2807.05,115.0,11.0,26.0,Harangi
2344,2017-06-02,1.83,1.65,2807.13,65.0,11.0,26.0,Harangi
2345,2017-06-03,5.44,1.66,2807.17,45.0,11.0,26.0,Harangi
2346,2017-06-04,4.36,1.66,2807.23,50.0,11.0,26.0,Harangi
2347,2017-06-05,5.66,1.66,2807.28,40.0,11.0,26.0,Harangi
2348,2017-06-06,1.48,1.67,2807.32,40.0,11.0,26.0,Harangi
2349,2017-06-07,5.79,1.67,2807.36,40.0,11.0,26.0,Harangi
2350,2017-06-08,1.89,1.68,2807.54,140.0,11.0,26.0,Harangi
2351,2017-06-09,2.44,1.69,2807.64,80.0,11.0,26.0,Harangi
2352,2017-06-10,4.05,1.69,2807.64,160.0,11.0,26.0,Harangi
2353,2017-06-11,13.1,1.72,2808.07,345.0,11.0,26.0,Harangi
2354,2017-06-12,19.96,1.84,2809.76,1352.0,11.0,26.0,Harangi
2355,2017-06-13,6.19,1.9,2810.77,808.0,11.0,26.0,Harangi
2356,2017-06-14,8.49,1.96,2811.62,680.0,11.0,26.0,Harangi
2357,2017-06-15,6.56,2.03,2812.55,744.0,11.0,26.0,Harangi
2358,2017-06-16,3.65,2.13,2813.95,1112.0,11.0,26.0,Harangi
2359,2017-06-17,5.47,2.15,2814.2,251.0,11.0,26.0,Harangi
2360,2017-06-18,1.83,2.15,2814.26,181.0,11.0,26.0,Harangi
2361,2017-06-19,1.52,2.16,2814.4,150.0,11.0,26.0,Harangi
2362,2017-06-20,0.37,2.17,2814.46,105.0,11.0,26.0,Harangi
2363,2017-06-21,6.6,2.18,2814.6,146.0,11.0,26.0,Harangi
2364,2017-06-22,3.31,2.21,2814.95,365.0,11.0,26.0,Harangi
2365,2017-06-23,2.14,2.21,2814.95,365.0,11.0,26.0,Harangi
2366,2017-06-24,3.02,2.28,2815.63,502.0,11.0,26.0,Harangi
2367,2017-06-25,10.13,2.34,2816.29,680.0,11.0,26.0,Harangi
2368,2017-06-26,27.16,2.42,2817.23,980.0,11.0,26.0,Harangi
2369,2017-06-27,31.48,2.6,2819.26,2123.0,11.0,26.0,Harangi
2370,2017-06-28,21.9,2.73,2820.6,1401.0,11.0,26.0,Harangi
2371,2017-06-29,13.43,2.81,2821.5,941.0,11.0,26.0,Harangi
2372,2017-06-30,7.89,2.87,2822.21,742.0,11.0,26.0,Harangi
2373,2017-07-01,4.39,2.97,2823.3,1139.0,11.0,25.8,Harangi
2374,2017-07-02,4.91,3.0,2824.4,951.0,11.0,25.8,Harangi
2375,2017-07-03,4.53,3.0,2825.2,467.0,11.0,25.8,Harangi
2376,2017-07-04,5.56,3.0,2826.0,248.0,11.0,25.8,Harangi
2377,2017-07-05,2.88,3.0,2826.8,447.0,11.0,25.8,Harangi
2378,2017-07-06,3.76,3.0,2827.9,680.0,11.0,25.8,Harangi
2379,2017-07-07,4.84,3.0,2829.8,1122.0,11.0,25.8,Harangi
2380,2017-07-08,3.02,3.0,2831.3,887.0,11.0,25.8,Harangi
2381,2017-07-09,2.37,3.46,2832.27,556.0,11.0,25.8,Harangi
2382,2017-07-10,1.53,3.49,2832.92,384.0,11.0,25.8,Harangi
2383,2017-07-11,2.24,3.52,2833.48,325.0,11.0,25.8,Harangi
2384,2017-07-12,2.24,3.54,2834.01,313.0,11.0,25.8,Harangi
2385,2017-07-13,3.13,3.61,2834.62,756.0,11.0,25.8,Harangi
2386,2017-07-14,6.97,3.72,2835.68,1276.0,11.0,25.8,Harangi
2387,2017-07-15,3.56,3.83,2836.75,1288.0,11.0,25.8,Harangi
2388,2017-07-16,5.32,3.95,2837.94,1432.0,11.0,25.8,Harangi
2389,2017-07-17,6.35,4.08,2839.12,1348.0,11.0,25.8,Harangi
2390,2017-07-18,12.18,4.19,2840.18,1274.0,11.0,25.8,Harangi
2391,2017-07-19,34.13,4.68,2844.45,5081.0,11.0,25.8,Harangi
2392,2017-07-20,78.77,5.86,2849.73,13596.0,11.0,25.8,Harangi
2393,2017-07-21,8.22,6.56,2852.89,8137.0,11.0,25.8,Harangi
2394,2017-07-22,9.05,7.15,2855.02,5486.0,11.0,25.8,Harangi
2395,2017-07-23,1.64,7.79,2856.91,7402.0,11.0,25.8,Harangi
2396,2017-07-24,2.75,8.04,2857.65,2898.0,1272.0,25.8,Harangi
2397,2017-07-25,5.77,8.22,2858.16,1997.0,2050.0,25.8,Harangi
2398,2017-07-26,1.93,8.26,2858.28,4020.0,2300.0,25.8,Harangi
2399,2017-07-27,3.38,8.23,2858.21,3525.0,3850.0,25.8,Harangi
2400,2017-07-28,9.93,8.23,2858.19,3772.0,3850.0,25.8,Harangi
2401,2017-07-29,2.39,8.34,2858.53,5804.0,5150.0,25.8,Harangi
2402,2017-07-30,1.4,8.3,2858.41,3990.0,4510.0,25.8,Harangi
2403,2017-07-31,15.13,8.2,2858.1,2610.0,3875.0,25.8,Harangi
2404,2017-08-01,3.03,8.22,2858.17,1836.0,1612.0,25.0,Harangi
2405,2017-08-02,0.29,8.22,2858.16,1460.0,1550.0,25.0,Harangi
2406,2017-08-03,0.98,8.17,2858.02,1650.0,2850.0,25.0,Harangi
2407,2017-08-04,14.49,8.26,2858.28,4018.0,3050.0,25.0,Harangi
2408,2017-08-05,14.42,8.3,2858.41,6703.0,7750.0,25.0,Harangi
2409,2017-08-06,10.88,8.23,2858.21,6937.0,10182.0,25.0,Harangi
2410,2017-08-07,8.84,8.35,2858.56,6862.0,5591.0,25.0,Harangi
2411,2017-08-08,5.85,8.37,2858.61,5395.0,5250.0,25.0,Harangi
2412,2017-08-09,0.86,8.26,2858.28,3907.0,5250.0,25.0,Harangi
2413,2017-08-10,3.14,8.1,2857.81,3360.0,5250.0,25.0,Harangi
2414,2017-08-11,0.0,7.9,2857.23,1529.0,3800.0,25.0,Harangi
2415,2017-08-12,15.31,7.84,2857.06,2845.0,3500.0,25.0,Harangi
2416,2017-08-13,0.38,7.71,2856.65,1645.0,3250.0,25.0,Harangi
2417,2017-08-14,0.0,7.51,2856.06,940.0,3250.0,25.0,Harangi
2418,2017-08-15,2.02,7.3,2855.46,350.0,2700.0,25.0,Harangi
2419,2017-08-16,7.55,7.23,2855.25,850.0,1500.0,25.0,Harangi
2420,2017-08-17,6.75,7.18,2855.11,370.0,1600.0,25.0,Harangi
2421,2017-08-18,5.1,7.14,2854.99,1180.0,1650.0,25.0,Harangi
2422,2017-08-19,17.06,7.22,2855.23,2590.0,1650.0,25.0,Harangi
2423,2017-08-20,14.31,7.74,2856.74,7525.0,1600.0,25.0,Harangi
2424,2017-08-21,21.06,8.2,2858.1,9600.0,3500.0,25.0,Harangi
2425,2017-08-22,13.2,8.11,2857.86,5460.0,6400.0,25.0,Harangi
2426,2017-08-23,2.65,7.94,2857.35,3615.0,5610.0,25.0,Harangi
2427,2017-08-24,15.62,7.98,2857.45,2891.0,2500.0,25.0,Harangi
2428,2017-08-25,16.56,8.15,2857.95,3958.0,2000.0,25.0,Harangi
2429,2017-08-26,2.09,8.25,2858.26,6715.0,5500.0,25.0,Harangi
2430,2017-08-27,25.24,8.31,2858.45,6245.0,5500.0,25.0,Harangi
2431,2017-08-28,19.88,8.3,2858.41,7845.0,8000.0,25.0,Harangi
2432,2017-08-29,39.96,8.22,2858.18,9760.0,11660.0,25.0,Harangi
2433,2017-08-30,14.75,7.88,2857.16,8071.0,13066.0,25.0,Harangi
2434,2017-08-31,1.15,8.08,2857.75,7746.0,5436.0,25.0,Harangi
2435,2017-09-01,0.21,8.19,2858.07,5053.0,3800.0,24.8,Harangi
2436,2017-09-02,0.75,8.16,2857.98,3209.0,3800.0,24.8,Harangi
2437,2017-09-03,2.44,8.08,2857.77,2778.0,3800.0,24.8,Harangi
2438,2017-09-04,0.06,7.98,2857.46,2450.0,3800.0,24.8,Harangi
2439,2017-09-05,12.3,7.84,2857.06,2234.0,3800.0,24.8,Harangi
2440,2017-09-06,14.2,7.89,2857.21,2387.0,1600.0,24.8,Harangi
2441,2017-09-07,1.74,7.81,2856.95,1221.0,2200.0,24.8,Harangi
2442,2017-09-08,17.16,7.86,2857.1,2038.0,1600.0,24.8,Harangi
2443,2017-09-09,10.8,7.85,2857.07,1483.0,1600.0,24.8,Harangi
2444,2017-09-10,15.03,7.88,2857.16,1952.0,1500.0,24.8,Harangi
2445,2017-09-11,5.25,7.92,2857.27,1430.0,1500.0,24.8,Harangi
2446,2017-09-12,0.93,7.92,2857.27,1500.0,1500.0,24.8,Harangi
2447,2017-09-13,0.13,7.87,2857.14,891.0,1400.0,24.8,Harangi
2448,2017-09-14,4.54,7.84,2857.04,1009.0,1400.0,24.8,Harangi
2449,2017-09-15,2.01,7.78,2856.87,735.0,1400.0,24.8,Harangi
2450,2017-09-16,4.51,7.7,2856.64,499.0,1400.0,24.8,Harangi
2451,2017-09-17,20.82,7.71,2856.66,1525.0,1400.0,24.8,Harangi
2452,2017-09-18,31.4,7.89,2857.21,3595.0,1400.0,24.8,Harangi
2453,2017-09-19,35.55,8.05,2857.67,3201.0,1400.0,24.8,Harangi
2454,2017-09-20,16.08,8.33,2858.49,5915.0,2700.0,24.8,Harangi
2455,2017-09-21,1.28,8.19,2858.09,3134.0,4700.0,24.8,Harangi
2456,2017-09-22,1.63,8.18,2858.04,2349.0,2544.0,24.8,Harangi
2457,2017-09-23,0.06,8.1,2857.81,1535.0,2100.0,24.8,Harangi
2458,2017-09-24,0.01,8.2,2858.1,1507.0,450.0,24.8,Harangi
2459,2017-09-25,8.04,8.26,2858.28,1905.0,1200.0,24.8,Harangi
2460,2017-09-26,8.51,8.17,2858.03,1511.0,2700.0,24.8,Harangi
2461,2017-09-27,14.39,8.06,2857.71,1447.0,2700.0,24.8,Harangi
2462,2017-09-28,18.56,8.07,2857.74,1117.0,1000.0,24.8,Harangi
2463,2017-09-29,4.0,8.0,2857.52,339.0,1000.0,24.8,Harangi
2464,2017-09-30,0.67,7.91,2857.25,157.0,1000.0,24.8,Harangi
2465,2017-10-01,1.56,8.02,2857.59,1531.0,200.0,26.6,Harangi
2466,2017-10-02,15.19,8.15,2857.95,2260.0,850.0,26.6,Harangi
2467,2017-10-03,0.51,8.05,2857.68,751.0,1808.0,26.6,Harangi
2468,2017-10-04,1.71,8.06,2857.69,2040.0,1100.0,26.6,Harangi
2469,2017-10-05,1.21,8.05,2857.66,175.0,1100.0,26.6,Harangi
2470,2017-10-06,6.46,8.04,2857.64,813.0,891.0,26.6,Harangi
2471,2017-10-07,18.18,8.04,2857.64,600.0,600.0,26.6,Harangi
2472,2017-10-08,0.53,8.01,2857.56,436.0,750.0,26.6,Harangi
2473,2017-10-09,0.9,7.98,2857.45,320.0,750.0,26.6,Harangi
2474,2017-10-10,0.06,8.03,2857.62,467.0,218.0,26.6,Harangi
2475,2017-10-11,6.59,8.12,2857.89,957.0,100.0,26.6,Harangi
2476,2017-10-12,0.08,8.21,2858.15,818.0,200.0,26.6,Harangi
2477,2017-10-13,9.42,8.26,2858.3,1162.0,575.0,26.6,Harangi
2478,2017-10-14,3.02,8.21,2858.14,573.0,1200.0,26.6,Harangi
2479,2017-10-15,6.64,8.14,2857.94,416.0,1200.0,26.6,Harangi
2480,2017-10-16,0.23,8.09,2857.78,474.0,1100.0,26.6,Harangi
2481,2017-10-17,0.11,8.03,2857.62,374.0,1000.0,26.6,Harangi
2482,2017-10-18,0.11,8.03,2857.62,374.0,1000.0,26.6,Harangi
2483,2017-10-19,1.66,8.07,2857.74,624.0,350.0,26.6,Harangi
2484,2017-10-20,0.03,8.07,2857.73,540.0,400.0,26.6,Harangi
2485,2017-10-21,0.0,8.04,2857.63,240.0,600.0,26.6,Harangi
2486,2017-10-22,0.0,8.05,2857.68,280.0,100.0,26.6,Harangi
2487,2017-10-23,0.0,8.1,2857.82,380.0,160.0,26.6,Harangi
2488,2017-10-24,0.0,8.09,2857.79,377.0,260.0,26.6,Harangi
2489,2017-10-25,0.0,8.0,2857.53,218.0,800.0,26.6,Harangi
2490,2017-10-26,1.32,7.77,2856.85,228.0,2400.0,26.6,Harangi
2491,2017-10-27,0.22,7.53,2856.12,459.0,2400.0,26.6,Harangi
2492,2017-10-28,3.06,7.26,2855.33,655.0,2400.0,26.6,Harangi
2493,2017-10-29,0.0,6.96,2854.46,1107.0,2300.0,26.6,Harangi
2494,2017-10-30,0.0,6.73,2853.63,163.0,2300.0,26.6,Harangi
2495,2017-10-31,0.0,6.52,2852.72,140.0,2400.0,26.6,Harangi
2496,2017-11-01,0.0,6.32,2851.81,75.0,2400.0,28.0,Harangi
2497,2017-11-02,0.0,6.11,2850.87,110.0,2400.0,28.0,Harangi
2498,2017-11-03,0.0,5.9,2849.92,96.0,2400.0,28.0,Harangi
2499,2017-11-04,0.0,5.68,2848.91,100.0,2500.0,28.0,Harangi
2500,2017-11-05,1.74,5.45,2847.88,102.0,2550.0,28.0,Harangi
2501,2017-11-06,0.27,5.22,2846.85,125.0,2600.0,28.0,Harangi
2502,2017-11-07,8.95,4.99,2845.85,126.0,2600.0,28.0,Harangi
2503,2017-11-08,1.16,4.77,2844.85,131.0,2600.0,28.0,Harangi
2504,2017-11-09,0.0,4.57,2843.91,97.0,2200.0,28.0,Harangi
2505,2017-11-10,0.0,4.45,2842.68,95.0,2600.0,28.0,Harangi
2506,2017-11-11,0.0,4.32,2841.48,95.0,2800.0,28.0,Harangi
2507,2017-11-12,0.0,4.18,2840.09,88.0,2800.0,28.0,Harangi
2508,2017-11-13,0.0,4.03,2838.73,94.0,2800.0,28.0,Harangi
2509,2017-11-14,0.0,3.89,2837.35,89.0,2800.0,28.0,Harangi
2510,2017-11-15,0.29,3.74,2835.85,75.0,2800.0,28.0,Harangi
2511,2017-11-16,0.0,3.61,2834.62,85.0,2800.0,28.0,Harangi
2512,2017-11-17,0.0,3.52,2833.48,76.0,1700.0,28.0,Harangi
2513,2017-11-18,0.09,3.46,2832.33,60.0,1700.0,28.0,Harangi
2514,2017-11-19,0.61,3.4,2831.16,62.0,1700.0,28.0,Harangi
2515,2017-11-20,0.39,3.34,2829.93,65.0,1700.0,28.0,Harangi
2516,2017-11-21,0.0,3.3,2829.33,79.0,700.0,28.0,Harangi
2517,2017-11-22,0.0,3.31,2829.5,100.0,0.0,28.0,Harangi
2518,2017-11-23,0.14,3.32,2829.63,76.0,0.0,28.0,Harangi
2519,2017-11-24,0.0,3.33,2829.74,65.0,100.0,28.0,Harangi
2520,2017-11-25,0.0,3.33,2829.74,75.0,100.0,28.0,Harangi
2521,2017-11-26,0.0,3.33,2829.75,75.0,200.0,28.0,Harangi
2522,2017-11-27,0.0,3.32,2829.66,59.0,200.0,28.0,Harangi
2523,2017-11-28,0.0,3.3,2829.17,65.0,600.0,28.0,Harangi
2524,2017-11-29,0.0,3.25,2828.26,75.0,800.0,28.0,Harangi
2525,2017-11-30,0.0,3.2,2827.32,75.0,700.0,28.0,Harangi
2526,2017-12-01,0.0,3.15,2826.32,75.0,700.0,29.2,Harangi
2527,2017-12-02,0.0,3.12,2825.68,68.0,700.0,29.2,Harangi
2528,2017-12-03,0.0,3.05,2824.38,74.0,700.0,29.2,Harangi
2529,2017-12-04,0.14,2.96,2823.21,65.0,800.0,29.2,Harangi
2530,2017-12-05,0.05,2.88,2822.27,64.0,800.0,29.2,Harangi
2531,2017-12-06,0.07,2.79,2821.34,65.0,850.0,29.2,Harangi
2532,2017-12-07,0.0,2.75,2820.87,65.0,450.0,29.2,Harangi
2533,2017-12-08,0.2,2.66,2819.92,65.0,600.0,29.2,Harangi
2534,2017-12-09,0.0,2.61,2819.37,65.0,600.0,29.2,Harangi
2535,2017-12-10,0.0,2.56,2818.8,65.0,550.0,29.2,Harangi
2536,2017-12-11,0.0,2.52,2818.33,62.0,500.0,29.2,Harangi
2537,2017-12-12,0.0,2.47,2817.83,60.0,500.0,29.2,Harangi
2538,2017-12-13,0.1,2.43,2817.36,59.0,500.0,29.2,Harangi
2539,2017-12-14,0.56,2.41,2817.12,58.0,200.0,29.2,Harangi
2540,2017-12-15,0.0,2.42,2817.26,70.0,100.0,29.2,Harangi
2541,2017-12-16,0.0,2.43,2817.38,74.0,100.0,29.2,Harangi
2542,2017-12-17,0.0,2.45,2817.51,75.0,100.0,29.2,Harangi
2543,2017-12-18,0.0,2.46,2817.62,75.0,80.0,29.2,Harangi
2544,2017-12-19,0.0,2.47,2817.73,80.0,50.0,29.2,Harangi
2545,2017-12-20,0.0,2.47,2817.73,80.0,50.0,29.2,Harangi
2546,2017-12-21,0.0,2.48,2817.92,105.0,30.0,29.2,Harangi
2547,2017-12-22,0.0,2.49,2818.03,165.0,50.0,29.2,Harangi
2548,2017-12-23,0.0,2.5,2818.11,163.0,80.0,29.2,Harangi
2549,2017-12-24,0.0,2.51,2818.19,160.0,80.0,29.2,Harangi
2550,2017-12-25,0.0,2.52,2818.28,174.0,80.0,29.2,Harangi
2551,2017-12-26,0.0,2.52,2818.36,175.0,80.0,29.2,Harangi
2552,2017-12-27,0.0,2.53,2818.44,163.0,80.0,29.2,Harangi
2553,2017-12-28,0.0,2.54,2818.51,153.0,80.0,29.2,Harangi
2554,2017-12-29,0.0,2.54,2818.57,153.0,80.0,29.2,Harangi
2555,2017-12-30,0.0,2.55,2818.64,163.0,80.0,29.2,Harangi
2556,2017-12-31,0.0,2.56,2818.72,163.0,70.0,29.2,Harangi
2557,2018-01-01,0.0,2.56,2818.79,163.0,80.0,27.0,Harangi
2558,2018-01-02,0.0,2.57,2818.85,155.0,80.0,27.0,Harangi
2559,2018-01-03,0.0,2.57,2818.91,155.0,80.0,27.0,Harangi
2560,2018-01-04,0.0,2.58,2818.98,156.0,70.0,27.0,Harangi
2561,2018-01-05,0.0,2.59,2819.05,156.0,70.0,27.0,Harangi
2562,2018-01-06,0.0,2.59,2819.12,156.0,70.0,27.0,Harangi
2563,2018-01-07,0.0,2.6,2819.18,147.0,70.0,27.0,Harangi
2564,2018-01-08,0.0,2.6,2819.25,154.0,70.0,27.0,Harangi
2565,2018-01-09,0.0,2.61,2819.29,124.0,70.0,27.0,Harangi
2566,2018-01-10,0.0,2.61,2819.35,135.0,70.0,27.0,Harangi
2567,2018-01-11,0.0,2.62,2819.4,125.0,70.0,27.0,Harangi
2568,2018-01-12,0.0,2.62,2819.44,125.0,70.0,27.0,Harangi
2569,2018-01-13,0.0,2.62,2819.48,125.0,70.0,27.0,Harangi
2570,2018-01-14,0.0,2.63,2819.53,125.0,70.0,27.0,Harangi
2571,2018-01-15,0.0,2.63,2819.56,115.0,70.0,27.0,Harangi
2572,2018-01-16,0.0,2.63,2819.59,115.0,70.0,27.0,Harangi
2573,2018-01-17,0.0,2.64,2819.63,115.0,70.0,27.0,Harangi
2574,2018-01-18,0.0,2.64,2819.66,115.0,70.0,27.0,Harangi
2575,2018-01-19,0.0,2.64,2819.7,123.0,70.0,27.0,Harangi
2576,2018-01-20,0.0,2.65,2819.72,105.0,70.0,27.0,Harangi
2577,2018-01-21,0.0,2.65,2819.75,110.0,70.0,27.0,Harangi
2578,2018-01-22,0.0,2.65,2819.78,110.0,70.0,27.0,Harangi
2579,2018-01-23,0.0,2.65,2819.81,112.0,70.0,27.0,Harangi
2580,2018-01-24,0.0,2.66,2819.83,112.0,70.0,27.0,Harangi
2581,2018-01-25,0.0,2.66,2819.87,120.0,70.0,27.0,Harangi
2582,2018-01-26,0.0,2.66,2819.9,115.0,70.0,27.0,Harangi
2583,2018-01-27,0.0,2.66,2819.92,115.0,70.0,27.0,Harangi
2584,2018-01-28,0.0,2.67,2819.95,115.0,70.0,27.0,Harangi
2585,2018-01-29,0.0,2.67,2819.98,115.0,70.0,27.0,Harangi
2586,2018-01-30,0.0,2.67,2820.0,104.0,70.0,27.0,Harangi
2587,2018-01-31,0.0,2.67,2820.02,104.0,70.0,27.0,Harangi
2588,2018-02-01,0.0,2.67,2820.03,95.0,70.0,28.3,Harangi
2589,2018-02-02,0.0,2.67,2820.04,95.0,70.0,28.3,Harangi
2590,2018-02-03,0.0,2.68,2820.05,95.0,70.0,28.3,Harangi
2591,2018-02-04,0.0,2.68,2820.06,95.0,70.0,28.3,Harangi
2592,2018-02-05,0.0,2.68,2820.07,95.0,70.0,28.3,Harangi
2593,2018-02-06,0.0,2.68,2820.08,95.0,70.0,28.3,Harangi
2594,2018-02-07,0.0,2.68,2820.1,95.0,70.0,28.3,Harangi
2595,2018-02-08,0.0,2.68,2820.12,98.0,70.0,28.3,Harangi
2596,2018-02-09,0.0,2.68,2820.15,110.0,70.0,28.3,Harangi
2597,2018-02-10,2.39,2.69,2820.17,105.0,70.0,28.3,Harangi
2598,2018-02-11,3.37,2.69,2820.19,110.0,70.0,28.3,Harangi
2599,2018-02-12,0.04,2.69,2820.21,100.0,70.0,28.3,Harangi
2600,2018-02-13,0.0,2.67,2820.02,90.0,200.0,28.3,Harangi
2601,2018-02-14,0.0,2.63,2819.53,110.0,380.0,28.3,Harangi
2602,2018-02-15,0.0,2.58,2818.98,100.0,465.0,28.3,Harangi
2603,2018-02-16,0.0,2.53,2818.41,96.0,490.0,28.3,Harangi
2604,2018-02-17,0.0,2.47,2817.83,96.0,490.0,28.3,Harangi
2605,2018-02-18,0.0,2.42,2817.22,90.0,515.0,28.3,Harangi
2606,2018-02-19,0.0,2.32,2816.17,90.0,1015.0,28.3,Harangi
2607,2018-02-20,0.0,2.22,2815.03,84.0,1105.0,28.3,Harangi
2608,2018-02-21,0.0,2.19,2814.67,82.0,291.0,28.3,Harangi
2609,2018-02-22,0.0,2.19,2814.67,82.0,70.0,28.3,Harangi
2610,2018-02-23,0.0,2.19,2814.67,82.0,70.0,28.3,Harangi
2611,2018-02-24,0.0,2.19,2814.66,82.0,90.0,28.3,Harangi
2612,2018-02-25,0.0,2.19,2814.63,80.0,90.0,28.3,Harangi
2613,2018-02-26,0.0,2.18,2814.6,80.0,40.0,28.3,Harangi
2614,2018-02-27,0.0,2.18,2814.6,60.0,40.0,28.3,Harangi
2615,2018-02-28,0.0,2.18,2814.59,50.0,45.0,28.3,Harangi
2616,2018-03-01,0.0,2.18,2814.56,48.0,45.0,25.9,Harangi
2617,2018-03-02,0.0,2.18,2814.54,48.0,45.0,25.9,Harangi
2618,2018-03-03,0.0,2.17,2814.51,36.0,45.0,25.9,Harangi
2619,2018-03-04,0.0,2.17,2814.49,36.0,45.0,25.9,Harangi
2620,2018-03-05,0.0,2.17,2814.47,35.0,45.0,25.9,Harangi
2621,2018-03-06,0.0,2.17,2814.47,30.0,45.0,25.9,Harangi
2622,2018-03-07,0.0,2.17,2814.41,30.0,45.0,25.9,Harangi
2623,2018-03-08,0.0,2.16,2814.39,30.0,45.0,25.9,Harangi
2624,2018-03-09,0.0,2.16,2814.36,30.0,45.0,25.9,Harangi
2625,2018-03-10,0.0,2.16,2814.33,28.0,45.0,25.9,Harangi
2626,2018-03-11,0.0,2.16,2814.3,28.0,45.0,25.9,Harangi
2627,2018-03-12,0.0,2.15,2814.27,28.0,45.0,25.9,Harangi
2628,2018-03-13,0.0,2.15,2814.25,28.0,45.0,25.9,Harangi
2629,2018-03-14,0.72,2.15,2814.22,35.0,45.0,25.9,Harangi
2630,2018-03-15,4.37,2.16,2814.4,248.0,45.0,25.9,Harangi
2631,2018-03-16,12.82,2.17,2814.48,112.0,45.0,25.9,Harangi
2632,2018-03-17,2.73,2.18,2814.52,101.0,45.0,25.9,Harangi
2633,2018-03-18,1.51,2.18,2814.57,117.0,45.0,25.9,Harangi
2634,2018-03-19,17.64,2.18,2814.61,94.0,45.0,25.9,Harangi
2635,2018-03-20,0.34,2.19,2814.68,118.0,45.0,25.9,Harangi
2636,2018-03-21,0.0,2.2,2814.78,163.0,45.0,25.9,Harangi
2637,2018-03-22,0.26,2.17,2814.5,125.0,155.0,25.9,Harangi
2638,2018-03-23,0.0,2.12,2813.82,145.0,385.0,25.9,Harangi
2639,2018-03-24,0.0,2.07,2813.13,235.0,303.0,25.9,Harangi
2640,2018-03-25,0.0,2.02,2812.49,203.0,295.0,25.9,Harangi
2641,2018-03-26,0.0,1.98,2811.82,197.0,315.0,25.9,Harangi
2642,2018-03-27,0.0,1.93,2811.13,188.0,350.0,25.9,Harangi
2643,2018-03-28,0.0,1.88,2810.44,186.0,350.0,25.9,Harangi
2644,2018-03-29,0.0,1.83,2809.66,175.0,430.0,25.9,Harangi
2645,2018-03-30,0.16,1.77,2808.87,175.0,440.0,25.9,Harangi
2646,2018-03-31,9.65,1.72,2808.12,160.0,440.0,25.9,Harangi
2647,2018-04-01,4.81,1.72,2808.11,145.0,530.0,24.7,Harangi
2648,2018-04-02,0.99,1.72,2808.14,104.0,80.0,24.7,Harangi
2649,2018-04-03,13.49,1.72,2808.17,110.0,70.0,24.7,Harangi
2650,2018-04-04,0.13,1.73,2808.21,98.0,70.0,24.7,Harangi
2651,2018-04-05,1.31,1.73,2808.25,102.0,70.0,24.7,Harangi
2652,2018-04-06,0.0,1.73,2808.26,92.0,70.0,24.7,Harangi
2653,2018-04-07,0.11,1.73,2808.27,92.0,70.0,24.7,Harangi
2654,2018-04-08,0.38,1.73,2808.28,92.0,70.0,24.7,Harangi
2655,2018-04-09,1.15,1.73,2808.29,92.0,70.0,24.7,Harangi
2656,2018-04-10,0.0,1.73,2808.3,92.0,70.0,24.7,Harangi
2657,2018-04-11,1.09,1.73,2808.31,92.0,70.0,24.7,Harangi
2658,2018-04-12,4.79,1.73,2808.31,92.0,70.0,24.7,Harangi
2659,2018-04-13,10.73,1.74,2808.34,132.0,70.0,24.7,Harangi
2660,2018-04-14,0.67,1.75,2808.5,198.0,70.0,24.7,Harangi
2661,2018-04-15,1.05,1.75,2808.55,110.0,70.0,24.7,Harangi
2662,2018-04-16,13.94,1.75,2808.59,102.0,70.0,24.7,Harangi
2663,2018-04-17,4.41,1.75,2808.59,92.0,70.0,24.7,Harangi
2664,2018-04-18,0.55,1.76,2808.62,94.0,70.0,24.7,Harangi
2665,2018-04-19,0.85,1.76,2808.65,106.0,70.0,24.7,Harangi
2666,2018-04-20,4.71,1.76,2808.69,116.0,70.0,24.7,Harangi
2667,2018-04-21,0.29,1.76,2808.73,106.0,70.0,24.7,Harangi
2668,2018-04-22,6.09,1.77,2808.76,106.0,70.0,24.7,Harangi
2669,2018-04-23,7.57,1.77,2808.78,102.0,70.0,24.7,Harangi
2670,2018-04-24,2.43,1.77,2808.8,102.0,70.0,24.7,Harangi
2671,2018-04-25,4.29,1.77,2808.86,118.0,70.0,24.7,Harangi
2672,2018-04-26,2.71,1.77,2808.89,106.0,70.0,24.7,Harangi
2673,2018-04-27,3.39,1.78,2808.9,102.0,70.0,24.7,Harangi
2674,2018-04-28,0.0,1.78,2808.91,96.0,70.0,24.7,Harangi
2675,2018-04-29,0.0,1.78,2808.92,96.0,70.0,24.7,Harangi
2676,2018-04-30,0.07,1.78,2808.9,68.0,70.0,24.7,Harangi
2677,2018-05-01,2.11,1.78,2808.91,78.0,70.0,24.6,Harangi
2678,2018-05-02,2.81,1.78,2808.96,124.0,70.0,24.6,Harangi
2679,2018-05-03,1.53,1.78,2808.98,92.0,70.0,24.6,Harangi
2680,2018-05-04,17.94,1.78,2808.99,96.0,70.0,24.6,Harangi
2681,2018-05-05,0.0,1.78,2808.96,60.0,70.0,24.6,Harangi
2682,2018-05-06,0.35,1.78,2808.96,65.0,70.0,24.6,Harangi
2683,2018-05-07,0.9,1.78,2808.96,65.0,70.0,24.6,Harangi
2684,2018-05-08,7.65,1.78,2809.0,106.0,70.0,24.6,Harangi
2685,2018-05-09,21.92,1.79,2809.14,182.0,70.0,24.6,Harangi
2686,2018-05-10,3.94,1.81,2809.35,250.0,70.0,24.6,Harangi
2687,2018-05-11,20.61,1.81,2809.44,154.0,70.0,24.6,Harangi
2688,2018-05-12,11.88,1.83,2809.75,330.0,70.0,24.6,Harangi
2689,2018-05-13,3.58,1.84,2809.89,194.0,70.0,24.6,Harangi
2690,2018-05-14,12.01,1.85,2809.99,162.0,70.0,24.6,Harangi
2691,2018-05-15,7.97,1.82,2809.53,152.0,408.0,24.6,Harangi
2692,2018-05-16,10.06,1.74,2808.41,145.0,1040.0,24.6,Harangi
2693,2018-05-17,3.36,1.61,2806.54,140.0,1536.0,24.6,Harangi
2694,2018-05-18,0.81,1.61,2806.45,140.0,940.0,24.6,Harangi
2695,2018-05-19,2.88,1.36,2802.41,121.0,3000.0,24.6,Harangi
2696,2018-05-20,7.36,1.16,2798.38,121.0,3000.0,24.6,Harangi
2697,2018-05-21,2.33,0.93,2793.7,121.0,2800.0,24.6,Harangi
2698,2018-05-22,6.95,0.75,2788.63,101.0,2100.0,24.6,Harangi
2699,2018-05-23,0.0,0.57,2783.59,90.0,1835.0,24.6,Harangi
2700,2018-05-24,10.12,0.48,2779.93,90.0,1150.0,24.6,Harangi
2701,2018-05-25,13.16,0.4,2776.77,86.0,1060.0,24.6,Harangi
2702,2018-05-26,40.58,0.34,2774.45,95.0,850.0,24.6,Harangi
2703,2018-05-27,5.47,0.32,2773.83,180.0,490.0,24.6,Harangi
2704,2018-05-28,19.98,0.34,2774.74,276.0,100.0,24.6,Harangi
2705,2018-05-29,11.48,0.37,2775.92,515.0,100.0,24.6,Harangi
2706,2018-05-30,65.05,0.45,2778.82,980.0,100.0,24.6,Harangi
2707,2018-05-31,2.51,0.55,2782.74,1250.0,80.0,24.6,Harangi
2708,2018-06-01,1.41,0.58,2783.68,419.0,80.0,25.7,Harangi
2709,2018-06-02,4.74,0.59,2784.23,250.0,30.0,25.7,Harangi
2710,2018-06-03,4.97,0.61,2784.8,238.0,30.0,25.7,Harangi
2711,2018-06-04,6.72,0.64,2785.48,271.0,30.0,25.7,Harangi
2712,2018-06-05,12.14,0.67,2786.34,392.0,30.0,25.7,Harangi
2713,2018-06-06,5.53,0.69,2786.96,244.0,30.0,25.7,Harangi
2714,2018-06-07,3.48,0.71,2787.46,245.0,30.0,25.7,Harangi
2715,2018-06-08,47.61,0.73,2788.18,295.0,30.0,25.7,Harangi
2716,2018-06-09,29.39,0.88,2792.18,1647.0,30.0,25.7,Harangi
2717,2018-06-10,49.65,1.21,2799.44,3968.0,30.0,25.7,Harangi
2718,2018-06-11,22.12,1.62,2806.65,4780.0,30.0,25.7,Harangi
2719,2018-06-12,19.3,2.24,2815.28,7260.0,30.0,25.7,Harangi
2720,2018-06-13,46.99,2.68,2820.12,5063.0,30.0,25.7,Harangi
2721,2018-06-14,44.86,2.99,2823.58,3663.0,30.0,25.7,Harangi
2722,2018-06-15,6.65,3.19,2827.08,2145.0,30.0,25.7,Harangi
2723,2018-06-16,12.9,3.27,2828.65,914.0,30.0,25.7,Harangi
2724,2018-06-17,3.88,3.33,2829.73,669.0,30.0,25.7,Harangi
2725,2018-06-18,17.52,3.38,2830.71,620.0,30.0,25.7,Harangi
2726,2018-06-19,7.04,3.42,2831.5,968.0,30.0,25.7,Harangi
2727,2018-06-20,17.41,3.47,2832.51,637.0,30.0,25.7,Harangi
2728,2018-06-21,12.27,3.52,2833.46,581.0,30.0,25.7,Harangi
2729,2018-06-22,7.52,3.6,2834.58,578.0,30.0,25.7,Harangi
2730,2018-06-23,2.95,3.7,2835.51,1161.0,30.0,25.7,Harangi
2731,2018-06-24,3.72,3.81,2836.54,1279.0,30.0,25.7,Harangi
2732,2018-06-25,4.79,3.91,2837.5,1196.0,30.0,25.7,Harangi
2733,2018-06-26,3.29,4.01,2838.5,1245.0,30.0,25.7,Harangi
2734,2018-06-27,23.63,4.16,2839.98,1824.0,30.0,25.7,Harangi
2735,2018-06-28,2.54,4.45,2842.68,3292.0,30.0,25.7,Harangi
2736,2018-06-29,10.97,4.92,2845.5,5485.0,30.0,25.7,Harangi
2737,2018-06-30,2.65,5.25,2847.02,3964.0,30.0,25.7,Harangi
2738,2018-07-01,5.68,5.48,2848.03,2642.0,30.0,26.0,Harangi
2739,2018-07-02,0.6,5.66,2848.83,2075.0,30.0,26.0,Harangi
2740,2018-07-03,7.02,5.82,2849.58,1973.0,30.0,26.0,Harangi
2741,2018-07-04,1.79,5.98,2850.27,1818.0,30.0,26.0,Harangi
2742,2018-07-05,3.47,6.13,2850.93,1742.0,30.0,26.0,Harangi
2743,2018-07-06,3.08,6.25,2851.5,1509.0,30.0,26.0,Harangi
2744,2018-07-07,65.07,6.47,2852.49,2591.0,30.0,26.0,Harangi
2745,2018-07-08,52.25,7.73,2856.73,13354.0,1625.0,26.0,Harangi
2746,2018-07-09,92.05,8.0,2857.43,11675.0,8934.0,26.0,Harangi
2747,2018-07-10,33.74,8.0,2856.79,12168.0,13856.0,26.0,Harangi
2748,2018-07-11,61.35,8.0,2857.45,14973.0,12388.0,26.0,Harangi
2749,2018-07-12,42.83,8.0,2856.64,15162.0,18784.0,26.0,Harangi
2750,2018-07-13,40.63,8.0,2857.12,15285.0,12661.0,26.0,Harangi
2751,2018-07-14,33.26,8.0,2856.67,13324.0,15085.0,26.0,Harangi
2752,2018-07-15,20.41,8.0,2856.9,15985.0,15085.0,26.0,Harangi
2753,2018-07-16,23.73,7.69,2856.6,13029.0,14785.0,26.0,Harangi
2754,2018-07-17,36.78,7.53,2856.12,19543.0,21873.0,26.0,Harangi
2755,2018-07-18,17.89,7.62,2856.41,16275.0,15140.0,26.0,Harangi
2756,2018-07-19,17.23,8.09,2857.78,14465.0,9100.0,26.0,Harangi
2757,2018-07-20,20.55,7.65,2856.5,7305.0,13318.0,26.0,Harangi
2758,2018-07-21,17.77,7.83,2857.01,10969.0,9050.0,26.0,Harangi
2759,2018-07-22,19.92,7.96,2857.41,11067.0,9468.0,26.0,Harangi
2760,2018-07-23,15.56,7.7,2856.64,9487.0,12502.0,26.0,Harangi
2761,2018-07-24,22.01,7.66,2856.52,12086.0,12520.0,26.0,Harangi
2762,2018-07-25,23.74,7.94,2857.35,17387.0,14137.0,26.0,Harangi
2763,2018-07-26,12.33,7.55,2856.18,11242.0,15725.0,26.0,Harangi
2764,2018-07-27,3.33,7.59,2856.31,10775.0,10231.0,26.0,Harangi
2765,2018-07-28,3.0,7.53,2856.13,7330.0,8000.0,26.0,Harangi
2766,2018-07-29,6.64,7.71,2856.66,10925.0,8815.0,26.0,Harangi
2767,2018-07-30,5.02,7.87,2857.14,5338.0,3418.0,26.0,Harangi
2768,2018-07-31,6.1,7.98,2857.46,4706.0,3418.0,26.0,Harangi
2769,2018-08-01,5.51,8.11,2857.85,4980.0,3418.0,26.2,Harangi
2770,2018-08-02,1.94,7.92,2857.29,3465.0,3605.0,26.2,Harangi
2771,2018-08-03,8.19,7.78,2856.88,2785.0,4190.0,26.2,Harangi
2772,2018-08-04,5.79,7.91,2857.26,5683.0,4160.0,26.2,Harangi
2773,2018-08-05,5.44,8.06,2857.71,5662.0,3867.0,26.2,Harangi
2774,2018-08-06,1.7,8.12,2857.89,4994.0,4267.0,26.2,Harangi
2775,2018-08-07,11.25,8.19,2858.09,5083.0,4267.0,26.2,Harangi
2776,2018-08-08,41.24,8.12,2857.89,6868.0,7586.0,26.2,Harangi
2777,2018-08-09,51.3,8.31,2858.43,15247.0,13099.0,26.2,Harangi
2778,2018-08-10,12.86,7.37,2855.67,10373.0,22183.0,26.2,Harangi
2779,2018-08-11,13.7,7.78,2856.88,13815.0,9075.0,26.2,Harangi
2780,2018-08-12,15.9,7.5,2856.03,9655.0,12750.0,26.2,Harangi
2781,2018-08-13,51.52,7.86,2857.1,24127.0,20002.0,26.2,Harangi
2782,2018-08-14,61.0,7.79,2856.9,22967.0,23375.0,26.2,Harangi
2783,2018-08-15,77.27,7.67,2856.54,36179.0,37589.0,26.2,Harangi
2784,2018-08-16,167.47,7.7,2856.63,33901.0,33549.0,26.2,Harangi
2785,2018-08-17,19.94,7.1,2854.87,77900.0,78589.0,26.2,Harangi
2786,2018-08-18,13.72,6.61,2853.12,42603.0,47110.0,26.2,Harangi
2787,2018-08-19,25.73,6.3,2851.72,23313.0,23313.0,26.2,Harangi
2788,2018-08-20,18.97,6.17,2851.12,22268.0,23469.0,26.2,Harangi
2789,2018-08-21,8.62,6.68,2853.41,14904.0,8972.0,26.2,Harangi
2790,2018-08-22,8.23,7.74,2856.76,15622.0,3300.0,26.2,Harangi
2791,2018-08-23,6.64,7.6,2856.34,8855.0,10506.0,26.2,Harangi
2792,2018-08-24,4.0,8.02,2857.58,10104.0,5285.0,26.2,Harangi
2793,2018-08-25,1.83,7.22,2855.22,1313.0,10556.0,26.2,Harangi
2794,2018-08-26,1.39,7.11,2854.88,4977.0,6275.0,26.2,Harangi
2795,2018-08-27,6.88,7.3,2855.46,6071.0,3800.0,26.2,Harangi
2796,2018-08-28,14.64,7.47,2855.96,6391.0,4400.0,26.2,Harangi
2797,2018-08-29,16.5,7.61,2856.36,7199.0,5600.0,26.2,Harangi
2798,2018-08-30,8.04,7.61,2856.36,6683.0,6650.0,26.2,Harangi
2799,2018-08-31,12.56,7.37,2855.67,4330.0,7000.0,26.2,Harangi
2800,2018-09-01,3.06,7.2,2855.17,4956.0,6450.0,24.7,Harangi
2801,2018-09-02,0.17,7.22,2855.23,4303.0,4150.0,24.7,Harangi
2802,2018-09-03,3.53,7.28,2855.38,4584.0,3958.0,24.7,Harangi
2803,2018-09-04,0.07,7.2,2855.16,3609.0,4470.0,24.7,Harangi
2804,2018-09-05,0.0,7.13,2854.95,2378.0,3100.0,24.7,Harangi
2805,2018-09-06,0.14,7.2,2855.17,2719.0,3175.0,24.7,Harangi
2806,2018-09-07,2.19,7.3,2855.44,2765.0,1675.0,24.7,Harangi
2807,2018-09-08,1.45,7.37,2855.65,2530.0,1675.0,24.7,Harangi
2808,2018-09-09,0.52,7.43,2855.83,2230.0,1675.0,24.7,Harangi
2809,2018-09-10,0.0,7.69,2856.6,1888.0,1200.0,24.7,Harangi
2810,2018-09-11,6.01,7.63,2856.42,2178.0,500.0,24.7,Harangi
2811,2018-09-12,2.67,7.65,2856.5,1618.0,1350.0,24.7,Harangi
2812,2018-09-13,0.23,7.61,2856.38,1097.0,1600.0,24.7,Harangi
2813,2018-09-14,0.0,7.54,2856.17,850.0,1638.0,24.7,Harangi
2814,2018-09-15,0.32,7.47,2855.94,750.0,1675.0,24.7,Harangi
2815,2018-09-16,3.81,7.47,2855.73,853.0,1675.0,24.7,Harangi
2816,2018-09-17,1.35,7.34,2855.56,960.0,1600.0,24.7,Harangi
2817,2018-09-18,3.11,7.27,2855.37,941.0,1650.0,24.7,Harangi
2818,2018-09-19,0.0,7.2,2855.17,925.0,675.0,24.7,Harangi
2819,2018-09-20,0.0,7.12,2854.92,729.0,1675.0,24.7,Harangi
2820,2018-09-21,9.04,7.07,2854.77,575.0,1675.0,24.7,Harangi
2821,2018-09-22,0.0,6.97,2854.49,579.0,1675.0,24.7,Harangi
2822,2018-09-23,0.26,6.87,2854.17,505.0,1725.0,24.7,Harangi
2823,2018-09-24,11.18,6.77,2853.82,475.0,1725.0,24.7,Harangi
2824,2018-09-25,3.93,6.72,2853.59,866.0,1425.0,24.7,Harangi
2825,2018-09-26,34.24,6.7,2853.5,1227.0,1425.0,24.7,Harangi
2826,2018-09-27,6.82,6.75,2853.73,1425.0,800.0,24.7,Harangi
2827,2018-09-28,6.54,6.82,2854.04,1258.0,460.0,24.7,Harangi
2828,2018-09-29,14.19,6.82,2854.04,1590.0,500.0,24.7,Harangi
2829,2018-09-30,7.34,6.96,2854.46,1024.0,600.0,24.7,Harangi
2830,2018-10-01,1.8,6.99,2854.53,900.0,600.0,25.1,Harangi
2831,2018-10-02,7.55,6.97,2854.49,675.0,800.0,25.1,Harangi
2832,2018-10-03,0.11,6.91,2854.3,460.0,1075.0,25.1,Harangi
2833,2018-10-04,7.71,6.84,2854.08,340.0,1150.0,25.1,Harangi
2834,2018-10-05,8.23,6.79,2853.92,519.0,1150.0,25.1,Harangi
2835,2018-10-06,13.07,6.76,2853.79,771.0,1075.0,25.1,Harangi
2836,2018-10-07,5.92,6.73,2853.66,346.0,825.0,25.1,Harangi
2837,2018-10-08,1.55,6.7,2853.53,396.0,700.0,25.1,Harangi
2838,2018-10-09,25.18,6.7,2853.52,695.0,700.0,25.1,Harangi
2839,2018-10-10,19.64,6.72,2853.59,880.0,700.0,25.1,Harangi
2840,2018-10-11,0.37,6.71,2853.55,625.0,700.0,25.1,Harangi
2841,2018-10-12,0.18,6.68,2853.43,421.0,700.0,25.1,Harangi
2842,2018-10-13,0.0,6.63,2853.19,432.0,1000.0,25.1,Harangi
2843,2018-10-14,0.21,6.61,2853.1,410.0,600.0,25.1,Harangi
2844,2018-10-15,14.23,6.53,2852.77,415.0,1600.0,25.1,Harangi
2845,2018-10-16,6.37,6.45,2852.41,457.0,1600.0,25.1,Harangi
2846,2018-10-17,18.01,6.37,2852.04,648.0,1600.0,25.1,Harangi
2847,2018-10-18,7.88,6.31,2851.76,875.0,1600.0,25.1,Harangi
2848,2018-10-19,2.55,6.23,2851.42,705.0,1550.0,25.1,Harangi
2849,2018-10-20,12.19,6.17,2851.13,635.0,1350.0,25.1,Harangi
2850,2018-10-21,4.52,6.09,2850.75,500.0,1475.0,25.1,Harangi
2851,2018-10-22,0.0,5.99,2850.33,310.0,1400.0,25.1,Harangi
2852,2018-10-23,0.0,5.89,2849.89,247.0,1350.0,25.1,Harangi
2853,2018-10-24,0.0,5.8,2849.48,275.0,1300.0,25.1,Harangi
2854,2018-10-25,0.0,5.7,2849.04,147.0,1250.0,25.1,Harangi
2855,2018-10-26,0.0,5.61,2848.6,147.0,1250.0,25.1,Harangi
2856,2018-10-27,0.0,5.5,2848.14,140.0,1250.0,25.1,Harangi
2857,2018-10-28,0.0,5.4,2847.66,135.0,1290.0,25.1,Harangi
2858,2018-10-29,0.0,5.28,2847.14,132.0,1325.0,25.1,Harangi
2859,2018-10-30,0.0,5.15,2846.57,126.0,1425.0,25.1,Harangi
2860,2018-10-31,0.0,5.01,2845.91,130.0,1525.0,25.1,Harangi
2861,2018-11-01,0.0,4.85,2845.19,122.0,1413.0,26.6,Harangi
2862,2018-11-02,0.0,4.76,2844.79,115.0,1100.0,26.6,Harangi
2863,2018-11-03,3.47,4.62,2844.18,115.0,1550.0,26.6,Harangi
2864,2018-11-04,0.9,4.53,2843.53,115.0,1600.0,26.6,Harangi
2865,2018-11-05,0.02,4.47,2842.9,98.0,1600.0,26.6,Harangi
2866,2018-11-06,0.0,4.41,2842.33,96.0,1600.0,26.6,Harangi
2867,2018-11-07,0.0,4.33,2841.61,85.0,1718.0,26.6,Harangi
2868,2018-11-08,0.0,4.26,2840.87,95.0,1750.0,26.6,Harangi
2869,2018-11-09,0.0,4.18,2840.11,105.0,1750.0,26.6,Harangi
2870,2018-11-10,0.0,4.11,2839.45,105.0,1550.0,26.6,Harangi
2871,2018-11-11,0.0,4.04,2838.78,105.0,1500.0,26.6,Harangi
2872,2018-11-12,0.0,3.96,2838.02,105.0,1635.0,26.6,Harangi
2873,2018-11-13,0.0,3.87,2837.15,104.0,1700.0,26.6,Harangi
2874,2018-11-14,0.0,3.78,2836.29,94.0,1800.0,26.6,Harangi
2875,2018-11-15,0.0,3.69,2835.37,95.0,1700.0,26.6,Harangi
2876,2018-11-16,0.0,3.69,2835.37,95.0,1700.0,26.6,Harangi
2877,2018-11-17,0.12,3.52,2833.6,140.0,1700.0,26.6,Harangi
2878,2018-11-18,0.0,3.48,2832.69,116.0,1700.0,26.6,Harangi
2879,2018-11-19,1.07,3.43,2831.77,112.0,1700.0,26.6,Harangi
2880,2018-11-20,0.37,3.38,2830.84,98.0,1700.0,26.6,Harangi
2881,2018-11-21,0.0,3.33,2829.88,94.0,1700.0,26.6,Harangi
2882,2018-11-22,0.32,3.28,2828.9,88.0,1700.0,26.6,Harangi
2883,2018-11-23,0.63,3.23,2827.91,96.0,1700.0,26.6,Harangi
2884,2018-11-24,5.44,3.18,2826.9,86.0,1700.0,26.6,Harangi
2885,2018-11-25,2.04,3.13,2825.91,86.0,1700.0,26.6,Harangi
2886,2018-11-26,0.0,3.08,2824.91,84.0,1700.0,26.6,Harangi
2887,2018-11-27,0.0,3.02,2823.91,84.0,1700.0,26.6,Harangi
2888,2018-11-28,0.0,2.93,2822.83,85.0,1700.0,26.6,Harangi
2889,2018-11-29,0.0,2.83,2821.79,82.0,1600.0,26.6,Harangi
2890,2018-11-30,0.0,2.74,2820.79,84.0,1400.0,26.6,Harangi
2891,2018-12-01,0.24,2.65,2819.78,85.0,1400.0,28.3,Harangi
2892,2018-12-02,0.0,2.56,2818.72,82.0,1400.0,28.3,Harangi
2893,2018-12-03,0.0,2.0,2817.62,79.0,1400.0,28.3,Harangi
2894,2018-12-04,0.0,2.0,2816.54,46.0,1400.0,28.3,Harangi
2895,2018-12-05,1.0,2.0,2815.42,74.0,1400.0,28.3,Harangi
2896,2018-12-06,0.03,2.0,2814.84,86.0,450.0,28.3,Harangi
2897,2018-12-07,2.69,2.0,2813.76,84.0,1400.0,28.3,Harangi
2898,2018-12-08,0.0,2.0,2812.57,79.0,1400.0,28.3,Harangi
2899,2018-12-09,0.0,2.0,2811.34,76.0,1400.0,28.3,Harangi
2900,2018-12-10,0.0,1.86,2810.06,73.0,1400.0,28.3,Harangi
2901,2018-12-11,0.0,1.79,2809.06,76.0,1200.0,28.3,Harangi
2902,2018-12-12,0.0,1.73,2808.18,82.0,975.0,28.3,Harangi
2903,2018-12-13,0.0,1.67,2807.43,67.0,425.0,28.3,Harangi
2904,2018-12-14,0.0,1.64,2807.0,78.0,325.0,28.3,Harangi
2905,2018-12-15,0.0,1.58,2806.09,78.0,600.0,28.3,Harangi
2906,2018-12-16,0.0,1.55,2805.58,86.0,600.0,28.3,Harangi
2907,2018-12-17,0.0,1.51,2805.06,73.0,650.0,28.3,Harangi
2908,2018-12-18,0.0,1.47,2804.44,78.0,470.0,28.3,Harangi
2909,2018-12-19,0.0,1.47,2804.44,78.0,150.0,28.3,Harangi
2910,2018-12-20,0.0,1.48,2804.66,78.0,50.0,28.3,Harangi
2911,2018-12-21,0.0,1.5,2804.9,95.0,60.0,28.3,Harangi
2912,2018-12-22,0.0,1.51,2805.13,96.0,60.0,28.3,Harangi
2913,2018-12-23,0.0,1.53,2805.35,102.0,15.0,28.3,Harangi
2914,2018-12-24,0.0,1.54,2805.55,98.0,15.0,28.3,Harangi
2915,2018-12-25,2.0,1.56,2805.75,112.0,15.0,28.3,Harangi
2916,2018-12-26,0.43,1.57,2805.95,98.0,15.0,28.3,Harangi
2917,2018-12-27,0.0,1.59,2806.15,103.0,15.0,28.3,Harangi
2918,2018-12-28,2.08,1.6,2806.33,98.0,15.0,28.3,Harangi
2919,2018-12-29,0.0,1.61,2806.54,102.0,15.0,28.3,Harangi
2920,2018-12-30,0.05,1.62,2806.72,99.0,15.0,28.3,Harangi
2921,2018-12-31,0.0,1.64,2806.89,97.0,15.0,28.3,Harangi
2922,2019-01-01,0.0,1.65,2807.05,98.0,15.0,28.9,Harangi
2923,2019-01-02,0.0,1.66,2807.21,94.0,15.0,28.9,Harangi
2924,2019-01-03,0.0,1.67,2807.35,102.0,15.0,28.9,Harangi
2925,2019-01-04,0.0,1.68,2807.49,102.0,15.0,28.9,Harangi
2926,2019-01-05,0.0,1.69,2807.62,104.0,15.0,28.9,Harangi
2927,2019-01-06,0.0,1.7,2807.75,104.0,15.0,28.9,Harangi
2928,2019-01-07,0.0,1.7,2807.86,88.0,15.0,28.9,Harangi
2929,2019-01-08,0.0,1.71,2808.01,102.0,15.0,28.9,Harangi
2930,2019-01-09,0.0,1.72,2808.13,96.0,15.0,28.9,Harangi
2931,2019-01-10,0.0,1.73,2808.26,104.0,15.0,28.9,Harangi
2932,2019-01-11,0.0,1.74,2808.36,80.0,15.0,28.9,Harangi
2933,2019-01-12,0.0,1.74,2808.45,93.0,15.0,28.9,Harangi
2934,2019-01-13,0.0,1.75,2808.57,88.0,15.0,28.9,Harangi
2935,2019-01-14,0.0,1.76,2808.67,88.0,15.0,28.9,Harangi
2936,2019-01-15,0.0,1.77,2808.78,89.0,20.0,28.9,Harangi
2937,2019-01-16,0.0,1.77,2808.84,78.0,20.0,28.9,Harangi
2938,2019-01-17,0.0,1.78,2808.95,88.0,20.0,28.9,Harangi
2939,2019-01-18,0.0,1.79,2809.05,85.0,20.0,28.9,Harangi
2940,2019-01-19,0.0,1.79,2809.12,85.0,20.0,28.9,Harangi
2941,2019-01-20,0.0,1.8,2809.21,88.0,20.0,28.9,Harangi
2942,2019-01-21,0.0,1.8,2809.29,84.0,20.0,28.9,Harangi
2943,2019-01-22,0.0,1.81,2809.36,78.0,20.0,28.9,Harangi
2944,2019-01-23,0.0,1.81,2809.43,79.0,20.0,28.9,Harangi
2945,2019-01-24,0.0,1.82,2809.52,88.0,25.0,28.9,Harangi
2946,2019-01-25,0.0,1.82,2809.59,79.0,25.0,28.9,Harangi
2947,2019-01-26,0.0,1.83,2809.66,74.0,25.0,28.9,Harangi
2948,2019-01-27,0.0,1.83,2809.75,86.0,25.0,28.9,Harangi
2949,2019-01-28,0.0,1.84,2809.83,88.0,25.0,28.9,Harangi
2950,2019-01-29,0.0,1.85,2809.91,89.0,25.0,28.9,Harangi
2951,2019-01-30,0.0,1.85,2809.98,86.0,25.0,28.9,Harangi
2952,2019-01-31,0.0,1.86,2810.05,86.0,25.0,28.9,Harangi
2953,2019-02-01,0.0,2.67,2820.03,95.0,70.0,29.2,Harangi
2954,2019-02-02,0.0,2.67,2820.04,95.0,70.0,29.2,Harangi
2955,2019-02-03,0.0,2.68,2820.05,95.0,70.0,29.2,Harangi
2956,2019-02-04,0.0,2.68,2820.06,95.0,70.0,29.2,Harangi
2957,2019-02-05,0.0,2.68,2820.07,95.0,70.0,29.2,Harangi
2958,2019-02-06,0.0,2.68,2820.08,95.0,70.0,29.2,Harangi
2959,2019-02-07,0.0,2.68,2820.1,95.0,70.0,29.2,Harangi
2960,2019-02-08,1.33,2.68,2820.12,98.0,70.0,29.2,Harangi
2961,2019-02-09,0.0,2.68,2820.15,110.0,70.0,29.2,Harangi
2962,2019-02-10,3.66,2.69,2820.17,105.0,70.0,29.2,Harangi
2963,2019-02-11,2.26,2.69,2820.19,110.0,70.0,29.2,Harangi
2964,2019-02-12,0.0,2.69,2820.21,100.0,70.0,29.2,Harangi
2965,2019-02-13,0.0,2.67,2820.02,90.0,200.0,29.2,Harangi
2966,2019-02-14,0.0,2.63,2819.53,110.0,380.0,29.2,Harangi
2967,2019-02-15,0.0,2.58,2818.98,100.0,465.0,29.2,Harangi
2968,2019-02-16,0.0,2.53,2818.41,96.0,490.0,29.2,Harangi
2969,2019-02-17,0.0,2.47,2817.83,96.0,490.0,29.2,Harangi
2970,2019-02-18,0.0,2.42,2817.22,90.0,515.0,29.2,Harangi
2971,2019-02-19,0.0,2.32,2816.17,90.0,1015.0,29.2,Harangi
2972,2019-02-20,0.0,2.22,2815.03,84.0,1105.0,29.2,Harangi
2973,2019-02-21,0.0,2.19,2814.67,82.0,291.0,29.2,Harangi
2974,2019-02-22,0.0,2.19,2814.67,82.0,70.0,29.2,Harangi
2975,2019-02-23,0.0,2.19,2814.67,82.0,70.0,29.2,Harangi
2976,2019-02-24,0.0,2.19,2814.66,82.0,90.0,29.2,Harangi
2977,2019-02-25,0.0,2.19,2814.63,80.0,90.0,29.2,Harangi
2978,2019-02-26,0.0,2.18,2814.6,80.0,40.0,29.2,Harangi
2979,2019-02-27,0.0,2.18,2814.6,60.0,40.0,29.2,Harangi
2980,2019-02-28,0.0,2.18,2814.59,50.0,45.0,29.2,Harangi
2981,2019-03-01,0.0,1.92,2811.02,84.0,25.0,28.8,Harangi
2982,2019-03-02,0.0,1.92,2811.02,84.0,25.0,28.8,Harangi
2983,2019-03-03,2.22,1.92,2811.02,84.0,25.0,28.8,Harangi
2984,2019-03-04,0.0,1.92,2811.02,83.0,25.0,28.8,Harangi
2985,2019-03-05,0.88,1.92,2811.02,84.0,25.0,28.8,Harangi
2986,2019-03-06,0.0,1.92,2811.02,82.0,25.0,28.8,Harangi
2987,2019-03-07,0.0,1.92,2811.0,80.0,25.0,28.8,Harangi
2988,2019-03-08,0.0,1.92,2810.98,78.0,25.0,28.8,Harangi
2989,2019-03-09,0.0,1.92,2810.96,76.0,25.0,28.8,Harangi
2990,2019-03-10,0.0,1.91,2810.9,74.0,25.0,28.8,Harangi
2991,2019-03-11,2.27,1.92,2810.92,78.0,20.0,28.8,Harangi
2992,2019-03-12,5.34,1.91,2810.87,55.0,45.0,28.8,Harangi
2993,2019-03-13,0.0,1.91,2810.85,65.0,45.0,28.8,Harangi
2994,2019-03-14,0.0,1.91,2810.82,65.0,55.0,28.8,Harangi
2995,2019-03-15,0.0,1.9,2810.72,58.0,135.0,28.8,Harangi
2996,2019-03-16,0.0,1.89,2810.51,46.0,160.0,28.8,Harangi
2997,2019-03-17,0.0,1.87,2810.3,46.0,125.0,28.8,Harangi
2998,2019-03-18,0.0,1.86,2810.1,45.0,125.0,28.8,Harangi
2999,2019-03-19,0.0,1.84,2809.85,58.0,125.0,28.8,Harangi
3000,2019-03-20,0.0,1.82,2809.6,58.0,125.0,28.8,Harangi
3001,2019-03-21,3.93,1.81,2809.4,55.0,120.0,28.8,Harangi
3002,2019-03-22,0.17,1.8,2809.2,55.0,120.0,28.8,Harangi
3003,2019-03-23,0.0,1.78,2808.9,74.0,135.0,28.8,Harangi
3004,2019-03-24,0.0,1.77,2808.8,72.0,135.0,28.8,Harangi
3005,2019-03-25,0.0,1.75,2808.5,64.0,170.0,28.8,Harangi
3006,2019-03-26,0.0,1.73,2808.22,68.0,170.0,28.8,Harangi
3007,2019-03-27,0.0,1.71,2808.0,56.0,160.0,28.8,Harangi
3008,2019-03-28,0.0,1.71,2808.0,56.0,165.0,28.8,Harangi
3009,2019-03-29,0.0,1.67,2807.4,56.0,160.0,28.8,Harangi
3010,2019-03-30,0.0,1.65,2807.1,65.0,160.0,28.8,Harangi
3011,2019-03-31,3.11,1.63,2806.8,65.0,160.0,28.8,Harangi
3012,2019-04-01,0.0,1.61,2806.5,65.0,160.0,26.2,Harangi
3013,2019-04-02,0.31,1.59,2806.2,65.0,150.0,26.2,Harangi
3014,2019-04-03,4.67,1.57,2805.9,65.0,150.0,26.2,Harangi
3015,2019-04-04,0.0,1.55,2805.65,65.0,115.0,26.2,Harangi
3016,2019-04-05,0.0,1.54,2805.45,65.0,80.0,26.2,Harangi
3017,2019-04-06,0.0,1.52,2805.2,64.0,80.0,26.2,Harangi
3018,2019-04-07,0.0,1.5,2804.99,65.0,90.0,26.2,Harangi
3019,2019-04-08,0.42,1.49,2804.79,64.0,90.0,26.2,Harangi
3020,2019-04-09,2.58,1.48,2804.58,64.0,90.0,26.2,Harangi
3021,2019-04-10,2.6,1.46,2804.38,65.0,90.0,26.2,Harangi
3022,2019-04-11,6.61,1.47,2804.45,65.0,40.0,26.2,Harangi
3023,2019-04-12,11.2,1.48,2804.58,110.0,50.0,26.2,Harangi
3024,2019-04-13,0.0,1.48,2804.69,110.0,30.0,26.2,Harangi
3025,2019-04-14,0.0,1.49,2804.72,90.0,30.0,26.2,Harangi
3026,2019-04-15,0.0,1.48,2804.67,58.0,60.0,26.2,Harangi
3027,2019-04-16,0.0,1.48,2804.66,55.0,40.0,26.2,Harangi
3028,2019-04-17,0.05,1.48,2804.67,58.0,40.0,26.2,Harangi
3029,2019-04-18,15.83,1.49,2804.71,90.0,45.0,26.2,Harangi
3030,2019-04-19,13.73,1.49,2804.78,94.0,45.0,26.2,Harangi
3031,2019-04-20,3.84,1.5,2804.92,113.0,45.0,26.2,Harangi
3032,2019-04-21,4.78,1.5,2804.98,89.0,45.0,26.2,Harangi
3033,2019-04-22,0.26,1.51,2805.0,96.0,45.0,26.2,Harangi
3034,2019-04-23,2.02,1.51,2805.01,80.0,45.0,26.2,Harangi
3035,2019-04-24,7.59,1.51,2805.01,80.0,45.0,26.2,Harangi
3036,2019-04-25,0.0,1.51,2805.02,82.0,45.0,26.2,Harangi
3037,2019-04-26,0.0,1.51,2805.02,82.0,45.0,26.2,Harangi
3038,2019-04-27,0.0,1.51,2805.02,82.0,45.0,26.2,Harangi
3039,2019-04-28,2.25,1.51,2805.09,115.0,45.0,26.2,Harangi
3040,2019-04-29,0.53,1.51,2805.09,86.0,45.0,26.2,Harangi
3041,2019-04-30,14.49,1.52,2805.16,116.0,45.0,26.2,Harangi
3042,2019-05-01,8.28,1.52,2805.17,86.0,45.0,24.5,Harangi
3043,2019-05-02,0.75,1.52,2805.18,90.0,45.0,24.5,Harangi
3044,2019-05-03,0.0,1.52,2805.18,90.0,45.0,24.5,Harangi
3045,2019-05-04,0.0,1.52,2805.18,90.0,45.0,24.5,Harangi
3046,2019-05-05,0.0,1.52,2805.18,90.0,45.0,24.5,Harangi
3047,2019-05-06,0.12,1.52,2805.19,92.0,45.0,24.5,Harangi
3048,2019-05-07,7.78,1.52,2805.19,92.0,45.0,24.5,Harangi
3049,2019-05-08,0.71,1.52,2805.25,114.0,45.0,24.5,Harangi
3050,2019-05-09,5.88,1.53,2805.42,137.0,45.0,24.5,Harangi
3051,2019-05-10,0.0,1.54,2805.48,108.0,45.0,24.5,Harangi
3052,2019-05-11,0.0,1.54,2805.5,96.0,45.0,24.5,Harangi
3053,2019-05-12,13.85,1.54,2805.51,87.0,45.0,24.5,Harangi
3054,2019-05-13,9.68,1.54,2805.53,89.0,45.0,24.5,Harangi
3055,2019-05-14,2.01,1.54,2805.5,96.0,45.0,24.5,Harangi
3056,2019-05-15,0.4,1.54,2805.54,92.0,45.0,24.5,Harangi
3057,2019-05-16,2.24,1.54,2805.55,94.0,45.0,24.5,Harangi
3058,2019-05-17,8.25,1.54,2805.56,96.0,45.0,24.5,Harangi
3059,2019-05-18,2.46,1.55,2805.62,118.0,45.0,24.5,Harangi
3060,2019-05-19,2.17,1.55,2805.66,116.0,45.0,24.5,Harangi
3061,2019-05-20,0.23,1.55,2805.67,96.0,45.0,24.5,Harangi
3062,2019-05-21,0.19,1.55,2805.68,97.0,45.0,24.5,Harangi
3063,2019-05-22,1.47,1.55,2805.71,99.0,45.0,24.5,Harangi
3064,2019-05-23,7.74,1.56,2805.75,112.0,45.0,24.5,Harangi
3065,2019-05-24,7.91,1.56,2805.76,96.0,45.0,24.5,Harangi
3066,2019-05-25,15.48,1.56,2805.8,116.0,45.0,24.5,Harangi
3067,2019-05-26,6.01,1.56,2805.86,130.0,50.0,24.5,Harangi
3068,2019-05-27,5.28,1.56,2805.84,120.0,105.0,24.5,Harangi
3069,2019-05-28,0.0,1.56,2805.82,110.0,105.0,24.5,Harangi
3070,2019-05-29,6.52,1.56,2805.82,110.0,105.0,24.5,Harangi
3071,2019-05-30,0.05,1.56,2805.8,98.0,105.0,24.5,Harangi
3072,2019-05-31,11.35,1.56,2805.78,95.0,80.0,24.5,Harangi
3073,2019-06-01,9.89,1.56,2805.77,85.0,70.0,25.0,Harangi
3074,2019-06-02,0.21,1.55,2805.68,84.0,70.0,25.0,Harangi
3075,2019-06-03,4.28,1.55,2805.64,80.0,70.0,25.0,Harangi
3076,2019-06-04,0.0,1.55,2805.59,78.0,70.0,25.0,Harangi
3077,2019-06-05,0.14,1.54,2805.49,60.0,110.0,25.0,Harangi
3078,2019-06-06,29.85,1.53,2805.39,60.0,110.0,25.0,Harangi
3079,2019-06-07,4.67,1.53,2805.29,60.0,110.0,25.0,Harangi
3080,2019-06-08,1.21,1.52,2805.19,64.0,110.0,25.0,Harangi
3081,2019-06-09,0.13,1.51,2805.09,64.0,110.0,25.0,Harangi
3082,2019-06-10,2.93,1.5,2804.97,64.0,110.0,25.0,Harangi
3083,2019-06-11,11.67,1.5,2804.92,76.0,110.0,25.0,Harangi
3084,2019-06-12,14.98,1.51,2805.01,153.0,70.0,25.0,Harangi
3085,2019-06-13,14.94,1.51,2805.08,146.0,70.0,25.0,Harangi
3086,2019-06-14,23.05,1.52,2805.23,154.0,70.0,25.0,Harangi
3087,2019-06-15,11.11,1.54,2805.43,233.0,70.0,25.0,Harangi
3088,2019-06-16,1.28,1.54,2805.52,161.0,70.0,25.0,Harangi
3089,2019-06-17,0.19,1.55,2805.68,209.0,70.0,25.0,Harangi
3090,2019-06-18,0.61,1.55,2805.68,209.0,70.0,25.0,Harangi
3091,2019-06-19,6.69,1.56,2805.76,145.0,70.0,25.0,Harangi
3092,2019-06-20,7.91,1.56,2805.86,160.0,70.0,25.0,Harangi
3093,2019-06-21,3.94,1.58,2806.05,225.0,50.0,25.0,Harangi
3094,2019-06-22,13.96,1.6,2806.31,297.0,50.0,25.0,Harangi
3095,2019-06-23,2.61,1.61,2806.51,222.0,50.0,25.0,Harangi
3096,2019-06-24,7.03,1.62,2806.68,181.0,50.0,25.0,Harangi
3097,2019-06-25,1.64,1.64,2807.01,221.0,50.0,25.0,Harangi
3098,2019-06-26,10.54,1.65,2807.16,182.0,50.0,25.0,Harangi
3099,2019-06-27,2.17,1.67,2807.33,198.0,50.0,25.0,Harangi
3100,2019-06-28,2.38,1.68,2807.49,194.0,50.0,25.0,Harangi
3101,2019-06-29,1.98,1.69,2807.67,206.0,50.0,25.0,Harangi
3102,2019-06-30,5.31,1.7,2807.8,206.0,50.0,25.0,Harangi
3103,2019-07-01,4.86,1.72,2808.07,280.0,50.0,25.5,Harangi
3104,2019-07-02,9.32,1.75,2808.51,414.0,50.0,25.5,Harangi
3105,2019-07-03,17.04,1.78,2808.91,384.0,50.0,25.5,Harangi
3106,2019-07-04,12.47,1.81,2809.37,432.0,50.0,25.5,Harangi
3107,2019-07-05,22.85,1.84,2809.79,400.0,50.0,25.5,Harangi
3108,2019-07-06,40.92,1.89,2810.62,725.0,50.0,25.5,Harangi
3109,2019-07-07,12.54,1.97,2811.67,903.0,50.0,25.5,Harangi
3110,2019-07-08,14.58,2.01,2812.3,566.0,50.0,25.5,Harangi
3111,2019-07-09,9.46,2.06,2813.02,566.0,50.0,25.5,Harangi
3112,2019-07-10,19.82,2.17,2814.41,1274.0,50.0,25.5,Harangi
3113,2019-07-11,10.29,2.32,2816.09,1818.0,50.0,25.5,Harangi
3114,2019-07-12,4.19,2.41,2817.09,1106.0,50.0,25.5,Harangi
3115,2019-07-13,2.44,2.47,2817.82,825.0,50.0,25.5,Harangi
3116,2019-07-14,0.75,2.52,2818.35,616.0,50.0,25.5,Harangi
3117,2019-07-15,3.17,2.56,2818.81,543.0,50.0,25.5,Harangi
3118,2019-07-16,3.71,2.6,2819.21,480.0,50.0,25.5,Harangi
3119,2019-07-17,4.85,2.63,2819.5,365.0,50.0,25.5,Harangi
3120,2019-07-18,5.74,2.68,2820.05,637.0,50.0,25.5,Harangi
3121,2019-07-19,11.42,2.77,2821.09,1150.0,50.0,25.5,Harangi
3122,2019-07-20,16.73,2.96,2823.22,2280.0,50.0,25.5,Harangi
3123,2019-07-21,20.17,3.11,2825.45,1673.0,50.0,25.5,Harangi
3124,2019-07-22,16.83,3.21,2827.56,1748.0,530.0,25.5,Harangi
3125,2019-07-23,27.83,3.34,2830.04,2335.0,855.0,25.5,Harangi
3126,2019-07-24,9.31,3.43,2831.75,1905.0,880.0,25.5,Harangi
3127,2019-07-25,9.24,3.47,2832.55,1441.0,955.0,25.5,Harangi
3128,2019-07-26,10.55,3.5,2833.12,1340.0,990.0,25.5,Harangi
3129,2019-07-27,2.5,3.52,2833.56,1340.0,990.0,25.5,Harangi
3130,2019-07-28,2.27,3.53,2833.75,1355.0,1230.0,25.5,Harangi
3131,2019-07-29,5.43,3.53,2833.79,1267.0,1230.0,25.5,Harangi
3132,2019-07-30,6.21,3.55,2834.1,1482.0,1230.0,25.5,Harangi
3133,2019-07-31,4.2,3.58,2834.38,1580.0,1230.0,25.5,Harangi
3134,2019-08-01,1.34,3.58,2834.34,1330.0,1365.0,26.0,Harangi
3135,2019-08-02,1.08,3.54,2834.0,1085.0,1480.0,26.0,Harangi
3136,2019-08-03,19.83,3.51,2833.4,985.0,1230.0,26.0,Harangi
3137,2019-08-04,34.91,3.51,2833.31,1190.0,1230.0,26.0,Harangi
3138,2019-08-05,27.23,3.51,2833.29,1218.0,1230.0,26.0,Harangi
3139,2019-08-06,49.02,3.66,2835.16,2559.0,730.0,26.0,Harangi
3140,2019-08-07,97.38,4.43,2842.55,8926.0,30.0,26.0,Harangi
3141,2019-08-08,118.89,5.88,2849.83,16801.0,30.0,26.0,Harangi
3142,2019-08-09,129.69,6.21,2853.24,25623.0,16841.0,26.0,Harangi
3143,2019-08-10,106.71,6.34,2853.83,18560.0,17041.0,26.0,Harangi
3144,2019-08-11,41.31,6.22,2853.28,14606.0,17625.0,26.0,Harangi
3145,2019-08-12,6.59,6.51,2854.39,8453.0,5072.0,26.0,Harangi
3146,2019-08-13,12.92,7.4,2855.74,8746.0,3459.0,26.0,Harangi
3147,2019-08-14,5.9,7.73,2856.73,7077.0,3200.0,26.0,Harangi
3148,2019-08-15,23.15,8.12,2857.87,7665.0,3200.0,26.0,Harangi
3149,2019-08-16,3.63,8.07,2857.73,7022.0,6088.0,26.0,Harangi
3150,2019-08-17,13.96,8.14,2857.93,4783.0,4000.0,26.0,Harangi
3151,2019-08-18,4.17,8.08,2857.76,3570.0,4236.0,26.0,Harangi
3152,2019-08-19,5.61,8.14,2857.93,2765.0,2100.0,26.0,Harangi
3153,2019-08-20,7.68,8.17,2858.01,2031.0,1700.0,26.0,Harangi
3154,2019-08-21,8.12,8.19,2858.07,2310.0,2064.0,26.0,Harangi
3155,2019-08-22,9.34,8.2,2858.1,2610.0,2475.0,26.0,Harangi
3156,2019-08-23,5.61,8.16,2858.0,2954.0,3325.0,26.0,Harangi
3157,2019-08-24,8.24,8.17,2858.03,3105.0,2970.0,26.0,Harangi
3158,2019-08-25,6.61,8.15,2857.95,2948.0,3243.0,26.0,Harangi
3159,2019-08-26,4.81,8.16,2858.0,2363.0,2150.0,26.0,Harangi
3160,2019-08-27,26.49,8.19,2858.07,2100.0,1808.0,26.0,Harangi
3161,2019-08-28,5.54,8.16,2858.0,2363.0,2150.0,26.0,Harangi
3162,2019-08-29,5.15,8.17,2858.01,1590.0,1650.0,26.0,Harangi
3163,2019-08-30,7.98,8.16,2858.0,2680.0,1700.0,26.0,Harangi
3164,2019-08-31,3.0,8.22,2858.16,2345.0,1700.0,26.0,Harangi
3165,2019-09-01,13.56,8.22,2858.18,1915.0,1887.0,25.8,Harangi
3166,2019-09-02,19.76,8.24,2858.24,2553.0,2300.0,25.8,Harangi
3167,2019-09-03,7.85,8.21,2858.14,2352.0,2725.0,25.8,Harangi
3168,2019-09-04,22.65,8.17,2858.03,3595.0,4007.0,25.8,Harangi
3169,2019-09-05,64.34,8.23,2858.19,8730.0,7522.0,25.8,Harangi
3170,2019-09-06,25.94,7.96,2857.39,11853.0,14990.0,25.8,Harangi
3171,2019-09-07,13.41,8.1,2857.83,9404.0,7663.0,25.8,Harangi
3172,2019-09-08,22.96,8.04,2857.63,6573.0,7338.0,25.8,Harangi
3173,2019-09-09,32.84,8.15,2857.96,8170.0,6874.0,25.8,Harangi
3174,2019-09-10,6.05,8.1,2857.82,7955.0,8485.0,25.8,Harangi
3175,2019-09-11,7.16,8.19,2858.07,4860.0,3879.0,25.8,Harangi
3176,2019-09-12,8.06,8.25,2858.25,3508.0,2785.0,25.8,Harangi
3177,2019-09-13,6.94,8.14,2857.92,3610.0,4895.0,25.8,Harangi
3178,2019-09-14,1.72,8.18,2858.04,3158.0,2670.0,25.8,Harangi
3179,2019-09-15,4.33,8.19,2858.09,2435.0,2220.0,25.8,Harangi
3180,2019-09-16,3.24,8.25,2858.25,2645.0,2000.0,25.8,Harangi
3181,2019-09-17,1.8,8.24,2858.22,2390.0,2500.0,25.8,Harangi
3182,2019-09-18,2.52,8.16,2858.0,2032.0,2875.0,25.8,Harangi
3183,2019-09-19,0.65,8.17,2858.03,1335.0,1200.0,25.8,Harangi
3184,2019-09-20,3.23,8.21,2858.13,1400.0,1000.0,25.8,Harangi
3185,2019-09-21,4.04,8.21,2858.13,1298.0,1200.0,25.8,Harangi
3186,2019-09-22,0.9,8.19,2858.08,1090.0,1280.0,25.8,Harangi
3187,2019-09-23,7.47,8.16,2858.0,1185.0,1480.0,25.8,Harangi
3188,2019-09-24,9.87,8.12,2857.88,1028.0,1480.0,25.8,Harangi
3189,2019-09-25,8.57,8.06,2857.69,905.0,1630.0,25.8,Harangi
3190,2019-09-26,7.88,8.03,2857.61,1393.0,1680.0,25.8,Harangi
3191,2019-09-27,0.85,7.96,2857.4,976.0,1780.0,25.8,Harangi
3192,2019-09-28,1.33,7.88,2857.16,561.0,1480.0,25.8,Harangi
3193,2019-09-29,0.91,7.8,2856.92,550.0,1480.0,25.8,Harangi
3194,2019-09-30,2.2,7.7,2856.64,390.0,1480.0,25.8,Harangi
3195,2019-10-01,1.22,8.5,2859.0,558.0,1480.0,24.7,Harangi
3196,2019-10-02,14.76,7.53,2856.13,444.0,1480.0,24.7,Harangi
3197,2019-10-03,6.04,7.42,2855.8,206.0,1480.0,24.7,Harangi
3198,2019-10-04,0.31,7.25,2855.3,330.0,1480.0,24.7,Harangi
3199,2019-10-05,2.98,7.21,2855.19,295.0,1480.0,24.7,Harangi
3200,2019-10-06,8.86,7.21,2855.19,295.0,1480.0,24.7,Harangi
3201,2019-10-07,13.73,7.45,2855.91,2013.0,30.0,24.7,Harangi
3202,2019-10-08,11.73,7.6,2856.33,1700.0,30.0,24.7,Harangi
3203,2019-10-09,1.94,7.79,2856.9,2365.0,30.0,24.7,Harangi
3204,2019-10-10,6.77,7.9,2857.22,1308.0,30.0,24.7,Harangi
3205,2019-10-11,3.19,8.0,2857.51,1190.0,30.0,24.7,Harangi
3206,2019-10-12,11.0,8.07,2857.72,1252.0,405.0,24.7,Harangi
3207,2019-10-13,3.13,8.09,2857.79,979.0,1360.0,24.7,Harangi
3208,2019-10-14,14.15,8.09,2857.79,755.0,730.0,24.7,Harangi
3209,2019-10-15,3.27,8.08,2857.77,731.0,780.0,24.7,Harangi
3210,2019-10-16,22.13,8.1,2857.81,961.0,780.0,24.7,Harangi
3211,2019-10-17,8.44,8.17,2858.02,2707.0,880.0,24.7,Harangi
3212,2019-10-18,16.06,8.21,2858.15,1114.0,580.0,24.7,Harangi
3213,2019-10-19,12.99,8.25,2858.26,985.0,530.0,24.7,Harangi
3214,2019-10-20,4.11,8.24,2858.24,507.0,530.0,24.7,Harangi
3215,2019-10-21,18.44,8.24,2858.22,677.0,700.0,24.7,Harangi
3216,2019-10-22,18.75,8.24,2858.24,1354.0,1250.0,24.7,Harangi
3217,2019-10-23,4.18,8.2,2858.12,1155.0,1650.0,24.7,Harangi
3218,2019-10-24,13.73,8.18,2858.04,1241.0,1530.0,24.7,Harangi
3219,2019-10-25,8.13,8.16,2857.98,990.0,1200.0,24.7,Harangi
3220,2019-10-26,21.13,8.14,2857.92,1840.0,2050.0,24.7,Harangi
3221,2019-10-27,8.03,8.04,2857.63,1672.0,2000.0,24.7,Harangi
3222,2019-10-28,1.3,8.04,2857.63,1241.0,2000.0,24.7,Harangi
3223,2019-10-29,0.07,7.97,2857.44,310.0,1030.0,24.7,Harangi
3224,2019-10-30,6.07,7.93,2857.3,510.0,1030.0,24.7,Harangi
3225,2019-10-31,1.58,7.85,2857.09,233.0,1030.0,24.7,Harangi
3226,2019-11-01,8.94,7.78,2856.87,194.0,1030.0,25.6,Harangi
3227,2019-11-02,0.0,7.78,2856.88,394.0,330.0,25.6,Harangi
3228,2019-11-03,0.0,7.79,2856.91,472.0,330.0,25.6,Harangi
3229,2019-11-04,0.64,7.78,2856.86,500.0,670.0,25.6,Harangi
3230,2019-11-05,2.98,7.67,2856.56,281.0,1430.0,25.6,Harangi
3231,2019-11-06,0.62,7.57,2856.24,202.0,1430.0,25.6,Harangi
3232,2019-11-07,14.96,7.5,2856.05,710.0,1430.0,25.6,Harangi
3233,2019-11-08,2.33,7.5,2855.78,398.0,1430.0,25.6,Harangi
3234,2019-11-09,14.11,7.35,2855.6,730.0,1430.0,25.6,Harangi
3235,2019-11-10,4.68,7.26,2855.33,393.0,1430.0,25.6,Harangi
3236,2019-11-11,2.64,7.14,2854.98,385.0,1430.0,25.6,Harangi
3237,2019-11-12,0.17,3.96,2838.02,105.0,1635.0,25.6,Harangi
3238,2019-11-13,0.0,6.87,2854.18,285.0,1530.0,25.6,Harangi
3239,2019-11-14,0.0,6.75,2853.75,206.0,1530.0,25.6,Harangi
3240,2019-11-15,0.0,6.65,2853.3,205.0,1530.0,25.6,Harangi
3241,2019-11-16,1.75,6.55,2852.84,371.0,1530.0,25.6,Harangi
3242,2019-11-17,1.51,6.44,2852.36,369.0,1580.0,25.6,Harangi
3243,2019-11-18,0.0,6.34,2851.89,345.0,1530.0,25.6,Harangi
3244,2019-11-19,0.0,6.23,2851.38,292.0,1580.0,25.6,Harangi
3245,2019-11-20,0.0,6.11,2850.87,287.0,1580.0,25.6,Harangi
3246,2019-11-21,2.89,5.99,2850.33,225.0,1580.0,25.6,Harangi
3247,2019-11-22,0.02,5.87,2849.79,215.0,1580.0,25.6,Harangi
3248,2019-11-23,0.0,5.75,2849.23,163.0,1580.0,25.6,Harangi
3249,2019-11-24,0.0,5.62,2848.64,145.0,1580.0,25.6,Harangi
3250,2019-11-25,0.0,5.49,2848.06,145.0,1580.0,25.6,Harangi
3251,2019-11-26,0.0,5.36,2847.48,140.0,1515.0,25.6,Harangi
3252,2019-11-27,0.16,5.22,2846.85,117.0,1480.0,25.6,Harangi
3253,2019-11-28,0.0,5.08,2846.23,116.0,1455.0,25.6,Harangi
3254,2019-11-29,0.0,4.94,2845.6,116.0,1510.0,25.6,Harangi
3255,2019-11-30,0.0,4.8,2844.98,116.0,1455.0,25.6,Harangi
3256,2019-12-01,0.55,4.66,2844.35,115.0,1480.0,26.8,Harangi
3257,2019-12-02,24.32,4.57,2843.87,452.0,1480.0,26.8,Harangi
3258,2019-12-03,2.87,4.51,2843.34,854.0,1480.0,26.8,Harangi
3259,2019-12-04,0.0,4.45,2842.75,755.0,1430.0,26.8,Harangi
3260,2019-12-05,0.0,4.39,2842.15,683.0,1380.0,26.8,Harangi
3261,2019-12-06,0.0,4.33,2841.54,671.0,1380.0,26.8,Harangi
3262,2019-12-07,0.0,4.26,2840.92,609.0,1330.0,26.8,Harangi
3263,2019-12-08,0.0,4.2,2840.29,560.0,1280.0,26.8,Harangi
3264,2019-12-09,0.0,4.13,2839.66,547.0,1280.0,26.8,Harangi
3265,2019-12-10,0.0,4.06,2839.0,511.0,1280.0,26.8,Harangi
3266,2019-12-11,0.0,7.01,2854.59,330.0,1430.0,26.8,Harangi
3267,2019-12-12,0.0,3.94,2837.77,433.0,1130.0,26.8,Harangi
3268,2019-12-13,0.0,3.87,2837.1,249.0,1030.0,26.8,Harangi
3269,2019-12-14,0.0,3.8,2836.51,345.0,1030.0,26.8,Harangi
3270,2019-12-15,0.25,3.75,2836.02,265.0,830.0,26.8,Harangi
3271,2019-12-16,0.0,3.71,2835.58,276.0,780.0,26.8,Harangi
3272,2019-12-17,0.0,3.67,2835.17,262.0,730.0,26.8,Harangi
3273,2019-12-18,0.0,3.63,2834.8,159.0,580.0,26.8,Harangi
3274,2019-12-19,0.0,3.6,2834.57,179.0,480.0,26.8,Harangi
3275,2019-12-20,0.0,3.58,2834.35,191.0,430.0,26.8,Harangi
3276,2019-12-21,0.0,3.58,2834.31,191.0,270.0,26.8,Harangi
3277,2019-12-22,0.0,3.13,2834.15,223.0,380.0,26.8,Harangi
3278,2019-12-23,0.0,3.12,2834.0,225.0,380.0,26.8,Harangi
3279,2019-12-24,0.0,3.53,2833.7,153.0,530.0,26.8,Harangi
3280,2019-12-25,0.0,3.51,2833.3,413.0,630.0,26.8,Harangi
3281,2019-12-26,0.0,3.49,2832.9,395.0,630.0,26.8,Harangi
3282,2019-12-27,0.17,3.47,2832.5,415.0,630.0,26.8,Harangi
3283,2019-12-28,3.57,3.44,2832.1,301.0,530.0,26.8,Harangi
3284,2019-12-29,0.0,3.43,2831.7,287.0,480.0,26.8,Harangi
3285,2019-12-30,0.01,3.42,2831.6,233.0,255.0,26.8,Harangi
3286,2019-12-31,0.0,3.43,2831.7,140.0,50.0,26.8,Harangi
3287,2020-01-01,0.02,3.43,2831.83,140.0,50.0,29.5,Harangi
3288,2020-01-02,0.03,3.44,2831.92,148.0,50.0,29.5,Harangi
3289,2020-01-03,0.0,3.44,2832.05,146.0,50.0,29.5,Harangi
3290,2020-01-04,0.0,3.45,2832.18,141.0,40.0,29.5,Harangi
3291,2020-01-05,0.0,3.45,2832.25,106.0,40.0,29.5,Harangi
3292,2020-01-06,0.0,3.46,2832.35,124.0,40.0,29.5,Harangi
3293,2020-01-07,0.0,3.46,2832.43,112.0,40.0,29.5,Harangi
3294,2020-01-08,0.0,3.47,2832.52,118.0,40.0,29.5,Harangi
3295,2020-01-09,0.0,3.47,2832.6,112.0,40.0,29.5,Harangi
3296,2020-01-10,0.0,3.48,2832.68,112.0,40.0,29.5,Harangi
3297,2020-01-11,0.0,3.48,2832.77,118.0,40.0,29.5,Harangi
3298,2020-01-12,0.0,3.48,2832.83,100.0,40.0,29.5,Harangi
3299,2020-01-13,0.0,3.49,2832.9,100.0,40.0,29.5,Harangi
3300,2020-01-14,0.0,3.49,2832.96,100.0,40.0,29.5,Harangi
3301,2020-01-15,0.0,3.49,2833.04,112.0,40.0,29.5,Harangi
3302,2020-01-16,0.0,3.5,2833.1,100.0,40.0,29.5,Harangi
3303,2020-01-17,0.0,3.5,2833.16,100.0,40.0,29.5,Harangi
3304,2020-01-18,0.0,3.5,2833.23,106.0,40.0,29.5,Harangi
3305,2020-01-19,0.0,3.51,2833.29,100.0,40.0,29.5,Harangi
3306,2020-01-20,0.0,3.51,2833.36,106.0,40.0,29.5,Harangi
3307,2020-01-21,0.0,3.51,2833.41,90.0,40.0,29.5,Harangi
3308,2020-01-22,0.0,3.52,2833.48,106.0,40.0,29.5,Harangi
3309,2020-01-23,0.0,3.52,2833.51,80.0,40.0,29.5,Harangi
3310,2020-01-24,0.0,3.52,2833.56,90.0,40.0,29.5,Harangi
3311,2020-01-25,0.0,3.52,2833.59,82.0,40.0,29.5,Harangi
3312,2020-01-26,0.0,3.52,2833.62,82.0,40.0,29.5,Harangi
3313,2020-01-27,0.0,3.52,2833.63,82.0,40.0,29.5,Harangi
3314,2020-01-28,0.0,3.53,2833.69,82.0,40.0,29.5,Harangi
3315,2020-01-29,0.0,3.53,2833.74,90.0,40.0,29.5,Harangi
3316,2020-01-30,0.0,3.53,2833.77,78.0,40.0,29.5,Harangi
3317,2020-01-31,0.0,3.53,2833.82,90.0,40.0,29.5,Harangi
3318,2020-02-01,0.0,3.53,2833.83,78.0,40.0,28.6,Harangi
3319,2020-02-02,0.0,3.54,2833.84,78.0,40.0,28.6,Harangi
3320,2020-02-03,0.0,3.54,2833.9,90.0,40.0,28.6,Harangi
3321,2020-02-04,0.0,3.54,2833.92,72.0,40.0,28.6,Harangi
3322,2020-02-05,0.0,3.54,2833.95,75.0,40.0,28.6,Harangi
3323,2020-02-06,0.0,3.54,2833.98,75.0,40.0,28.6,Harangi
3324,2020-02-07,0.0,3.54,2834.0,71.0,40.0,28.6,Harangi
3325,2020-02-08,0.0,3.55,2834.03,70.0,40.0,28.6,Harangi
3326,2020-02-09,0.0,3.55,2834.04,70.0,40.0,28.6,Harangi
3327,2020-02-10,0.0,3.55,2834.05,70.0,40.0,28.6,Harangi
3328,2020-02-11,0.0,3.55,2834.06,70.0,40.0,28.6,Harangi
3329,2020-02-12,0.0,3.55,2834.07,70.0,40.0,28.6,Harangi
3330,2020-02-13,0.0,3.55,2834.08,70.0,40.0,28.6,Harangi
3331,2020-02-14,0.0,3.55,2834.09,70.0,40.0,28.6,Harangi
3332,2020-02-15,0.0,3.55,2834.1,70.0,40.0,28.6,Harangi
3333,2020-02-16,0.0,3.55,2834.1,70.0,40.0,28.6,Harangi
3334,2020-02-17,0.0,3.55,2834.11,70.0,40.0,28.6,Harangi
3335,2020-02-18,0.0,3.55,2834.11,70.0,40.0,28.6,Harangi
3336,2020-02-19,0.0,3.55,2834.11,70.0,40.0,28.6,Harangi
3337,2020-02-20,0.0,3.55,2834.1,46.0,40.0,28.6,Harangi
3338,2020-02-21,0.0,3.55,2834.09,46.0,40.0,28.6,Harangi
3339,2020-02-22,0.0,3.55,2834.08,46.0,40.0,28.6,Harangi
3340,2020-02-23,0.0,3.55,2834.07,46.0,40.0,28.6,Harangi
3341,2020-02-24,0.0,3.55,2834.06,46.0,40.0,28.6,Harangi
3342,2020-02-25,0.0,3.55,2834.05,46.0,40.0,28.6,Harangi
3343,2020-02-26,0.0,3.55,2834.04,46.0,40.0,28.6,Harangi
3344,2020-02-27,0.0,3.55,2834.03,46.0,40.0,28.6,Harangi
3345,2020-02-28,0.0,3.55,2834.02,46.0,40.0,28.6,Harangi
3346,2020-02-29,0.93,3.54,2834.0,40.0,40.0,28.6,Harangi
3347,2020-03-01,1.47,3.54,2833.99,40.0,40.0,29.0,Harangi
3348,2020-03-02,0.15,3.54,2833.98,40.0,40.0,29.0,Harangi
3349,2020-03-03,6.22,3.54,2833.99,40.0,40.0,29.0,Harangi
3350,2020-03-04,1.82,3.54,2833.98,45.0,30.0,29.0,Harangi
3351,2020-03-05,0.0,3.54,2833.98,45.0,30.0,29.0,Harangi
3352,2020-03-06,0.0,3.54,2833.96,41.0,30.0,29.0,Harangi
3353,2020-03-07,0.0,3.54,2833.94,42.0,30.0,29.0,Harangi
3354,2020-03-08,0.0,3.54,2833.92,42.0,30.0,29.0,Harangi
3355,2020-03-09,0.0,3.54,2833.9,42.0,30.0,29.0,Harangi
3356,2020-03-10,0.07,3.54,2833.88,42.0,30.0,29.0,Harangi
3357,2020-03-11,0.0,3.54,2833.86,42.0,30.0,29.0,Harangi
3358,2020-03-12,0.0,3.54,2833.84,42.0,40.0,29.0,Harangi
3359,2020-03-13,0.0,3.53,2833.82,42.0,45.0,29.0,Harangi
3360,2020-03-14,0.0,3.53,2833.79,45.0,45.0,29.0,Harangi
3361,2020-03-15,0.0,3.53,2833.75,45.0,45.0,29.0,Harangi
3362,2020-03-16,0.0,3.53,2833.69,40.0,60.0,29.0,Harangi
3363,2020-03-17,0.0,3.53,2833.64,40.0,60.0,29.0,Harangi
3364,2020-03-18,0.0,3.52,2833.58,40.0,60.0,29.0,Harangi
3365,2020-03-19,0.0,3.52,2833.52,40.0,60.0,29.0,Harangi
3366,2020-03-20,0.0,3.51,2833.36,40.0,114.0,29.0,Harangi
3367,2020-03-21,0.6,3.5,2833.07,40.0,190.0,29.0,Harangi
3368,2020-03-22,0.0,3.47,2832.62,40.0,290.0,29.0,Harangi
3369,2020-03-23,0.0,3.45,2832.15,40.0,320.0,29.0,Harangi
3370,2020-03-24,0.71,3.42,2831.67,40.0,310.0,29.0,Harangi
3371,2020-03-25,3.51,3.41,2831.48,40.0,135.0,29.0,Harangi
3372,2020-03-26,3.22,3.41,2831.38,75.0,115.0,29.0,Harangi
3373,2020-03-27,0.0,3.41,2831.33,75.0,90.0,29.0,Harangi
3374,2020-03-28,0.0,3.41,2831.29,65.0,70.0,29.0,Harangi
3375,2020-03-29,0.0,3.4,2831.24,65.0,80.0,29.0,Harangi
3376,2020-03-30,0.0,3.4,2831.17,65.0,80.0,29.0,Harangi
3377,2020-03-31,0.15,3.4,2831.11,65.0,80.0,29.0,Harangi
3378,2020-04-01,0.0,3.39,2831.05,65.0,80.0,28.7,Harangi
3379,2020-04-02,0.0,3.39,2830.96,60.0,90.0,28.7,Harangi
3380,2020-04-03,0.0,3.39,2830.9,60.0,90.0,28.7,Harangi
3381,2020-04-04,0.0,3.38,2830.83,60.0,80.0,28.7,Harangi
3382,2020-04-05,0.0,3.38,2830.77,60.0,80.0,28.7,Harangi
3383,2020-04-06,7.06,3.38,2830.72,60.0,80.0,28.7,Harangi
3384,2020-04-07,11.63,3.37,2830.69,88.0,80.0,28.7,Harangi
3385,2020-04-08,0.0,3.38,2830.71,90.0,50.0,28.7,Harangi
3386,2020-04-09,7.62,3.38,2830.72,80.0,50.0,28.7,Harangi
3387,2020-04-10,3.4,3.37,2830.69,60.0,50.0,28.7,Harangi
3388,2020-04-11,1.08,3.37,2830.69,60.0,50.0,28.7,Harangi
3389,2020-04-12,0.0,3.37,2830.66,60.0,50.0,28.7,Harangi
3390,2020-04-13,0.0,3.37,2830.64,60.0,50.0,28.7,Harangi
3391,2020-04-14,0.0,3.37,2830.6,51.0,50.0,28.7,Harangi
3392,2020-04-15,0.0,3.37,2830.57,51.0,50.0,28.7,Harangi
3393,2020-04-16,0.13,3.37,2830.54,51.0,50.0,28.7,Harangi
3394,2020-04-17,0.09,3.37,2830.52,51.0,50.0,28.7,Harangi
3395,2020-04-18,0.23,3.36,2830.49,51.0,50.0,28.7,Harangi
3396,2020-04-19,0.89,3.36,2830.45,50.0,50.0,28.7,Harangi
3397,2020-04-20,0.0,3.36,2830.42,50.0,50.0,28.7,Harangi
3398,2020-04-21,0.0,3.36,2830.39,50.0,50.0,28.7,Harangi
3399,2020-04-22,0.5,3.36,2830.35,50.0,50.0,28.7,Harangi
3400,2020-04-23,5.65,3.36,2830.32,50.0,50.0,28.7,Harangi
3401,2020-04-24,23.93,3.35,2830.29,70.0,70.0,28.7,Harangi
3402,2020-04-25,1.15,3.36,2830.37,154.0,80.0,28.7,Harangi
3403,2020-04-26,3.19,3.36,2830.37,132.0,105.0,28.7,Harangi
3404,2020-04-27,8.29,3.36,2830.34,120.0,105.0,28.7,Harangi
3405,2020-04-28,0.57,3.36,2830.33,101.0,80.0,28.7,Harangi
3406,2020-04-29,3.03,3.36,2830.32,98.0,80.0,28.7,Harangi
3407,2020-04-30,0.0,3.36,2830.33,101.0,80.0,28.7,Harangi
3408,2020-05-01,0.25,3.36,2830.32,101.0,80.0,25.8,Harangi
3409,2020-05-02,7.92,3.36,2830.34,109.0,70.0,25.8,Harangi
3410,2020-05-03,8.39,3.36,2830.34,77.0,50.0,25.8,Harangi
3411,2020-05-04,4.58,3.36,2830.32,60.0,50.0,25.8,Harangi
3412,2020-05-05,0.35,3.36,2830.31,60.0,35.0,25.8,Harangi
3413,2020-05-06,3.88,3.35,2830.28,55.0,40.0,25.8,Harangi
3414,2020-05-07,2.58,3.35,2830.27,55.0,40.0,25.8,Harangi
3415,2020-05-08,12.84,3.35,2830.26,55.0,40.0,25.8,Harangi
3416,2020-05-09,0.0,3.35,2830.25,55.0,40.0,25.8,Harangi
3417,2020-05-10,0.0,3.35,2830.23,53.0,40.0,25.8,Harangi
3418,2020-05-11,0.0,3.35,2830.19,48.0,40.0,25.8,Harangi
3419,2020-05-12,0.0,3.35,2830.17,48.0,30.0,25.8,Harangi
3420,2020-05-13,1.78,3.35,2830.15,48.0,50.0,25.8,Harangi
3421,2020-05-14,4.9,3.35,2830.16,87.0,70.0,25.8,Harangi
3422,2020-05-15,16.43,3.35,2830.22,114.0,70.0,25.8,Harangi
3423,2020-05-16,16.88,3.35,2830.24,108.0,70.0,25.8,Harangi
3424,2020-05-17,0.09,3.35,2830.26,108.0,70.0,25.8,Harangi
3425,2020-05-18,24.83,3.35,2830.29,111.0,70.0,25.8,Harangi
3426,2020-05-19,3.92,3.37,2830.63,303.0,70.0,25.8,Harangi
3427,2020-05-20,2.96,3.38,2830.77,184.0,70.0,25.8,Harangi
3428,2020-05-21,0.12,3.38,2830.85,147.0,70.0,25.8,Harangi
3429,2020-05-22,1.63,3.38,2830.87,94.0,70.0,25.8,Harangi
3430,2020-05-23,7.04,3.38,2830.88,112.0,70.0,25.8,Harangi
3431,2020-05-24,1.74,3.38,2830.89,109.0,70.0,25.8,Harangi
3432,2020-05-25,4.14,3.38,2830.88,99.0,70.0,25.8,Harangi
3433,2020-05-26,3.01,3.38,2830.88,102.0,70.0,25.8,Harangi
3434,2020-05-27,3.03,3.38,2830.87,94.0,70.0,25.8,Harangi
3435,2020-05-28,5.3,3.38,2830.87,94.0,70.0,25.8,Harangi
3436,2020-05-29,1.54,3.38,2830.87,94.0,70.0,25.8,Harangi
3437,2020-05-30,16.22,3.38,2830.86,96.0,70.0,25.8,Harangi
3438,2020-05-31,2.33,3.38,2830.85,94.0,70.0,25.8,Harangi
3439,2020-06-01,1.82,3.38,2830.83,90.0,70.0,24.4,Harangi
3440,2020-06-02,3.77,3.38,2830.82,94.0,70.0,24.4,Harangi
3441,2020-06-03,14.43,3.38,2830.84,108.0,70.0,24.4,Harangi
3442,2020-06-04,23.49,3.38,2830.88,123.0,70.0,24.4,Harangi
3443,2020-06-05,3.48,3.39,2831.01,177.0,70.0,24.4,Harangi
3444,2020-06-06,1.37,3.39,2831.08,141.0,70.0,24.4,Harangi
3445,2020-06-07,14.51,3.4,2831.18,158.0,70.0,24.4,Harangi
3446,2020-06-08,12.15,3.41,2831.32,182.0,70.0,24.4,Harangi
3447,2020-06-09,0.82,3.41,2831.38,135.0,70.0,24.4,Harangi
3448,2020-06-10,4.5,3.41,2831.44,95.0,30.0,24.4,Harangi
3449,2020-06-11,10.86,3.42,2831.54,119.0,30.0,24.4,Harangi
3450,2020-06-12,7.88,3.43,2831.77,196.0,30.0,24.4,Harangi
3451,2020-06-13,2.29,3.45,2832.08,237.0,30.0,24.4,Harangi
3452,2020-06-14,20.65,3.46,2832.27,167.0,30.0,24.4,Harangi
3453,2020-06-15,13.19,3.49,2832.87,409.0,30.0,24.4,Harangi
3454,2020-06-16,9.36,3.5,2833.22,262.0,30.0,24.4,Harangi
3455,2020-06-17,16.02,3.52,2833.52,232.0,30.0,24.4,Harangi
3456,2020-06-18,26.43,3.56,2834.18,554.0,30.0,24.4,Harangi
3457,2020-06-19,6.63,3.63,2834.79,788.0,30.0,24.4,Harangi
3458,2020-06-20,1.9,3.66,2835.15,487.0,30.0,24.4,Harangi
3459,2020-06-21,3.54,3.7,2835.49,464.0,30.0,24.4,Harangi
3460,2020-06-22,14.27,3.75,2835.99,656.0,30.0,24.4,Harangi
3461,2020-06-23,3.44,3.81,2836.56,740.0,30.0,24.4,Harangi
3462,2020-06-24,1.12,3.84,2836.88,440.0,30.0,24.4,Harangi
3463,2020-06-25,4.02,3.87,2837.13,356.0,30.0,24.4,Harangi
3464,2020-06-26,1.45,3.89,2837.31,271.0,30.0,24.4,Harangi
3465,2020-06-27,1.66,3.9,2837.46,235.0,30.0,24.4,Harangi
3466,2020-06-28,3.0,3.92,2837.61,235.0,30.0,24.4,Harangi
3467,2020-06-29,13.86,3.95,2837.95,464.0,30.0,24.4,Harangi
3468,2020-06-30,20.4,4.04,2838.77,1042.0,30.0,24.4,Harangi
3469,2020-07-01,2.57,4.11,2839.44,861.0,30.0,25.0,Harangi
3470,2020-07-02,6.82,4.15,2839.85,549.0,30.0,25.0,Harangi
3471,2020-07-03,21.02,4.24,2840.75,1138.0,30.0,25.0,Harangi
3472,2020-07-04,21.19,4.37,2841.96,1511.0,30.0,25.0,Harangi
3473,2020-07-05,13.77,4.51,2843.26,1619.0,30.0,25.0,Harangi
3474,2020-07-06,18.21,4.65,2844.31,1742.0,30.0,25.0,Harangi
3475,2020-07-07,21.86,4.98,2845.8,3890.0,30.0,25.0,Harangi
3476,2020-07-08,19.36,5.32,2847.32,3968.0,30.0,25.0,Harangi
3477,2020-07-09,11.42,2.06,2813.02,566.0,50.0,25.0,Harangi
3478,2020-07-10,7.98,2.17,2814.41,1274.0,50.0,25.0,Harangi
3479,2020-07-11,1.29,2.32,2816.09,1818.0,50.0,25.0,Harangi
3480,2020-07-12,6.67,2.41,2817.09,1106.0,50.0,25.0,Harangi
3481,2020-07-13,3.41,2.47,2817.82,825.0,50.0,25.0,Harangi
3482,2020-07-14,3.41,2.52,2818.35,616.0,50.0,25.0,Harangi
3483,2020-07-15,3.41,2.56,2818.81,543.0,50.0,25.0,Harangi
3484,2020-07-16,3.41,2.6,2819.21,480.0,50.0,25.0,Harangi
3485,2020-07-17,3.41,2.63,2819.5,365.0,50.0,25.0,Harangi
3486,2020-07-18,3.41,2.68,2820.05,637.0,50.0,25.0,Harangi
3487,2020-07-19,3.41,2.77,2821.09,1150.0,50.0,25.0,Harangi
3488,2020-07-20,3.41,2.96,2823.22,2280.0,50.0,25.0,Harangi
3489,2020-07-21,3.41,3.11,2825.45,1673.0,50.0,25.0,Harangi
3490,2020-07-22,3.41,3.21,2827.56,1748.0,530.0,25.0,Harangi
3491,2020-07-23,3.41,7.31,2855.48,1402.0,320.0,25.0,Harangi
3492,2020-07-24,3.41,7.49,2856.01,2111.0,50.0,25.0,Harangi
3493,2020-07-25,3.41,7.61,2856.37,1485.0,50.0,25.0,Harangi
3494,2020-07-26,3.41,7.72,2856.68,1289.0,50.0,25.0,Harangi
3495,2020-07-27,3.41,7.81,2856.96,1171.0,50.0,25.0,Harangi
3496,2020-07-28,3.41,7.91,2857.25,1211.0,50.0,25.0,Harangi
3497,2020-07-29,1.75,8.01,2857.54,1211.0,50.0,25.0,Harangi
3498,2020-07-30,21.14,7.99,2857.5,566.0,738.0,25.0,Harangi
3499,2020-07-31,2.83,7.87,2857.14,775.0,1575.0,25.0,Harangi
3500,2020-08-01,10.39,7.79,2856.89,575.0,850.0,25.8,Harangi
3501,2020-08-02,8.74,7.75,2856.77,705.0,1150.0,25.8,Harangi
3502,2020-08-03,25.44,7.72,2856.68,2423.0,2750.0,25.8,Harangi
3503,2020-08-04,50.83,7.71,2856.67,5486.0,5482.0,25.8,Harangi
3504,2020-08-05,72.21,7.47,2855.94,7186.0,10020.0,25.8,Harangi
3505,2020-08-06,91.69,3.66,2835.16,2559.0,730.0,25.8,Harangi
3506,2020-08-07,97.88,4.43,2842.55,8926.0,30.0,25.8,Harangi
3507,2020-08-08,63.47,5.88,2849.83,16801.0,30.0,25.8,Harangi
3508,2020-08-09,36.74,6.21,2853.24,25623.0,16841.0,25.8,Harangi
3509,2020-08-10,14.59,6.34,2853.83,18560.0,17041.0,25.8,Harangi
3510,2020-08-11,11.5,6.22,2853.28,14606.0,17625.0,25.8,Harangi
3511,2020-08-12,21.33,6.51,2854.39,8453.0,5072.0,25.8,Harangi
3512,2020-08-13,2.74,7.9,2857.23,5733.0,2418.0,25.8,Harangi
3513,2020-08-14,2.05,8.04,2857.64,3272.0,1642.0,25.8,Harangi
3514,2020-08-15,10.25,8.15,2857.96,2578.0,1300.0,25.8,Harangi
3515,2020-08-16,5.54,8.21,2858.15,2069.0,1300.0,25.8,Harangi
3516,2020-08-17,6.8,8.22,2858.16,1364.0,1300.0,25.8,Harangi
3517,2020-08-18,13.02,8.26,2858.28,2345.0,1850.0,25.8,Harangi
3518,2020-08-19,12.23,8.15,2857.96,1272.0,2500.0,25.8,Harangi
3519,2020-08-20,2.09,8.19,2858.08,1995.0,1500.0,25.8,Harangi
3520,2020-08-21,7.37,8.29,2858.38,2837.0,1637.0,25.8,Harangi
3521,2020-08-22,5.85,8.22,2858.18,1287.0,2045.0,25.8,Harangi
3522,2020-08-23,4.49,8.25,2858.27,1677.0,1300.0,25.8,Harangi
3523,2020-08-24,1.88,8.24,2858.23,1002.0,1133.0,25.8,Harangi
3524,2020-08-25,0.69,8.22,2858.16,1051.0,1300.0,25.8,Harangi
3525,2020-08-26,0.0,8.16,2858.0,1031.0,1625.0,25.8,Harangi
3526,2020-08-27,0.0,8.14,2857.93,1033.0,1275.0,25.8,Harangi
3527,2020-08-28,0.29,8.1,2857.81,1033.0,1470.0,25.8,Harangi
3528,2020-08-29,0.0,8.04,2857.63,1029.0,1620.0,25.8,Harangi
3529,2020-08-30,3.4,7.97,2857.43,1025.0,1775.0,25.8,Harangi
3530,2020-08-31,0.68,7.91,2857.26,1025.0,1660.0,25.8,Harangi
3531,2020-09-01,11.56,7.83,2857.02,1027.0,1935.0,25.9,Harangi
3532,2020-09-02,19.29,7.82,2856.99,1565.0,1650.0,25.9,Harangi
3533,2020-09-03,21.93,7.75,2856.78,910.0,1700.0,25.9,Harangi
3534,2020-09-04,7.69,7.67,2856.55,832.0,1700.0,25.9,Harangi
3535,2020-09-05,5.8,7.67,2856.55,832.0,800.0,25.9,Harangi
3536,2020-09-06,2.1,7.65,2856.5,836.0,1000.0,25.9,Harangi
3537,2020-09-07,19.78,7.66,2856.51,1071.0,1000.0,25.9,Harangi
3538,2020-09-08,5.29,7.63,2856.42,955.0,1225.0,25.9,Harangi
3539,2020-09-09,4.83,7.62,2856.4,1054.0,1100.0,25.9,Harangi
3540,2020-09-10,14.95,7.64,2856.46,1360.0,1100.0,25.9,Harangi
3541,2020-09-11,13.35,7.59,2856.3,1106.0,1600.0,25.9,Harangi
3542,2020-09-12,19.13,7.56,2856.23,1158.0,1400.0,25.9,Harangi
3543,2020-09-13,20.73,7.63,2856.42,1976.0,1200.0,25.9,Harangi
3544,2020-09-14,11.67,7.8,2856.93,3222.0,1200.0,25.9,Harangi
3545,2020-09-15,2.26,7.96,2857.4,3072.0,1200.0,25.9,Harangi
3546,2020-09-16,6.87,8.05,2857.67,2289.0,1200.0,25.9,Harangi
3547,2020-09-17,2.01,8.13,2857.9,2132.0,1200.0,25.9,Harangi
3548,2020-09-18,13.47,8.26,2858.28,2713.0,1200.0,25.9,Harangi
3549,2020-09-19,12.12,8.38,2858.65,2981.0,1500.0,25.9,Harangi
3550,2020-09-20,42.15,8.33,2858.51,5819.0,6337.0,25.9,Harangi
3551,2020-09-21,38.36,8.01,2857.56,8666.0,12354.0,25.9,Harangi
3552,2020-09-22,31.68,8.14,2857.94,7030.0,5510.0,25.9,Harangi
3553,2020-09-23,4.32,8.18,2858.05,4535.0,4137.0,25.9,Harangi
3554,2020-09-24,0.93,8.3,2858.4,3452.0,2050.0,25.9,Harangi
3555,2020-09-25,0.92,8.41,2858.72,2585.0,1300.0,25.9,Harangi
3556,2020-09-26,5.81,8.45,2858.86,1380.0,800.0,25.9,Harangi
3557,2020-09-27,12.76,8.46,2858.88,1304.0,1350.0,25.9,Harangi
3558,2020-09-28,0.52,8.46,2858.87,1292.0,1300.0,25.9,Harangi
3559,2020-09-29,6.4,8.47,2858.91,1488.0,1300.0,25.9,Harangi
3560,2020-09-30,2.68,8.46,2858.88,1215.0,1300.0,25.9,Harangi
3561,2020-10-01,0.98,8.44,2858.81,1058.0,1300.0,25.4,Harangi
3562,2020-10-02,0.01,8.38,2858.65,1050.0,1650.0,25.4,Harangi
3563,2020-10-03,2.46,8.41,2858.74,1679.0,1295.0,25.4,Harangi
3564,2020-10-04,0.06,8.38,2858.64,1134.0,1500.0,25.4,Harangi
3565,2020-10-05,0.91,8.31,2858.43,960.0,1850.0,25.4,Harangi
3566,2020-10-06,0.9,8.22,2858.18,803.0,1750.0,25.4,Harangi
3567,2020-10-07,6.78,8.15,2857.96,924.0,1750.0,25.4,Harangi
3568,2020-10-08,4.31,8.16,2857.99,1900.0,1750.0,25.4,Harangi
3569,2020-10-09,7.16,8.12,2857.89,1391.0,1750.0,25.4,Harangi
3570,2020-10-10,11.45,8.05,2857.68,960.0,1750.0,25.4,Harangi
3571,2020-10-11,12.24,8.04,2857.64,1075.0,1200.0,25.4,Harangi
3572,2020-10-12,6.67,7.97,2857.44,767.0,1550.0,25.4,Harangi
3573,2020-10-13,13.9,8.07,2857.73,2267.0,1100.0,25.4,Harangi
3574,2020-10-14,14.01,8.25,2858.25,2868.0,800.0,25.4,Harangi
3575,2020-10-15,18.89,8.29,2858.39,2950.0,2370.0,25.4,Harangi
3576,2020-10-16,9.55,8.27,2858.32,2308.0,2550.0,25.4,Harangi
3577,2020-10-17,0.0,8.31,2858.43,2012.0,1450.0,25.4,Harangi
3578,2020-10-18,2.17,8.32,2858.47,1588.0,1400.0,25.4,Harangi
3579,2020-10-19,12.08,8.33,2858.5,1550.0,1400.0,25.4,Harangi
3580,2020-10-20,1.49,8.32,2858.48,1504.0,1550.0,25.4,Harangi
3581,2020-10-21,2.36,8.29,2858.39,1230.0,1550.0,25.4,Harangi
3582,2020-10-22,10.75,8.3,2858.4,1622.0,1550.0,25.4,Harangi
3583,2020-10-23,4.34,8.33,2858.5,1973.0,1550.0,25.4,Harangi
3584,2020-10-24,4.11,8.31,2858.45,1087.0,1250.0,25.4,Harangi
3585,2020-10-25,0.0,8.3,2858.41,876.0,1000.0,25.4,Harangi
3586,2020-10-26,0.36,8.3,2858.4,992.0,1000.0,25.4,Harangi
3587,2020-10-27,0.25,8.24,2858.24,695.0,1300.0,25.4,Harangi
3588,2020-10-28,0.39,8.13,2857.91,441.0,1700.0,25.4,Harangi
3589,2020-10-29,0.0,8.11,2857.84,559.0,750.0,25.4,Harangi
3590,2020-10-30,0.03,8.0,2857.53,519.0,1700.0,25.4,Harangi
3591,2020-10-31,0.0,7.86,2857.11,337.0,1950.0,25.4,Harangi
3592,2020-11-01,0.0,7.72,2856.68,300.0,1950.0,24.7,Harangi
3593,2020-11-02,1.47,7.58,2856.27,279.0,1850.0,24.7,Harangi
3594,2020-11-03,6.8,7.44,2855.86,279.0,1850.0,24.7,Harangi
3595,2020-11-04,1.51,7.29,2855.41,172.0,1900.0,24.7,Harangi
3596,2020-11-05,0.37,7.12,2854.91,147.0,1950.0,24.7,Harangi
3597,2020-11-06,10.9,6.94,2854.4,113.0,1850.0,24.7,Harangi
3598,2020-11-07,0.07,6.78,2853.87,105.0,1850.0,24.7,Harangi
3599,2020-11-08,0.0,6.66,2853.32,166.0,1550.0,24.7,Harangi
3600,2020-11-09,0.05,6.53,2852.75,117.0,1550.0,24.7,Harangi
3601,2020-11-10,0.0,6.4,2852.16,113.0,1600.0,24.7,Harangi
3602,2020-11-11,0.0,6.27,2851.56,115.0,1650.0,24.7,Harangi
3603,2020-11-12,0.0,6.13,2850.93,112.0,1700.0,24.7,Harangi
3604,2020-11-13,0.0,5.99,2850.31,113.0,1675.0,24.7,Harangi
3605,2020-11-14,3.58,5.85,2849.68,110.0,1700.0,24.7,Harangi
3606,2020-11-15,0.0,5.73,2849.14,110.0,1250.0,24.7,Harangi
3607,2020-11-16,0.62,5.59,2848.51,110.0,1700.0,24.7,Harangi
3608,2020-11-17,2.21,5.44,2847.86,104.0,1750.0,24.7,Harangi
3609,2020-11-18,0.07,5.29,2847.19,105.0,1800.0,24.7,Harangi
3610,2020-11-19,0.0,5.15,2846.53,106.0,1775.0,24.7,Harangi
3611,2020-11-20,0.0,5.12,2846.4,102.0,200.0,24.7,Harangi
3612,2020-11-21,0.0,5.0,2845.87,98.0,1430.0,24.7,Harangi
3613,2020-11-22,0.0,4.85,2845.18,96.0,1650.0,24.7,Harangi
3614,2020-11-23,0.0,4.69,2844.48,96.0,1675.0,24.7,Harangi
3615,2020-11-24,0.0,4.55,2843.73,96.0,1444.0,24.7,Harangi
3616,2020-11-25,0.0,4.48,2843.0,97.0,955.0,24.7,Harangi
3617,2020-11-26,0.0,4.4,2842.26,95.0,965.0,24.7,Harangi
3618,2020-11-27,0.0,4.32,2841.51,93.0,975.0,24.7,Harangi
3619,2020-11-28,1.35,4.24,2840.74,94.0,1000.0,24.7,Harangi
3620,2020-11-29,0.1,4.16,2839.96,92.0,1010.0,24.7,Harangi
3621,2020-11-30,0.0,4.08,2839.16,93.0,1035.0,24.7,Harangi
3622,2020-12-01,0.0,3.99,2838.32,90.0,1080.0,25.3,Harangi
3623,2020-12-02,0.0,3.91,2837.47,90.0,1080.0,25.3,Harangi
3624,2020-12-03,0.0,3.81,2836.6,92.0,1130.0,25.3,Harangi
3625,2020-12-04,0.16,3.72,2835.72,132.0,1170.0,25.3,Harangi
3626,2020-12-05,0.31,3.63,2834.81,146.0,1220.0,25.3,Harangi
3627,2020-12-06,1.78,3.54,2833.88,144.0,1170.0,25.3,Harangi
3628,2020-12-07,0.0,3.49,2832.94,181.0,720.0,25.3,Harangi
3629,2020-12-08,0.96,3.44,2831.98,221.0,770.0,25.3,Harangi
3630,2020-12-09,5.3,3.39,2831.03,275.0,820.0,25.3,Harangi
3631,2020-12-10,0.07,3.34,2830.08,277.0,820.0,25.3,Harangi
3632,2020-12-11,0.09,3.29,2829.08,247.0,820.0,25.3,Harangi
3633,2020-12-12,0.0,3.24,2828.07,239.0,770.0,25.3,Harangi
3634,2020-12-13,0.0,3.19,2827.13,221.0,770.0,25.3,Harangi
3635,2020-12-14,0.03,3.14,2826.17,220.0,760.0,25.3,Harangi
3636,2020-12-15,0.0,3.1,2825.39,217.0,660.0,25.3,Harangi
3637,2020-12-16,0.0,3.07,2824.65,219.0,640.0,25.3,Harangi
3638,2020-12-17,0.0,3.67,2835.17,262.0,730.0,25.3,Harangi
3639,2020-12-18,0.0,3.63,2834.8,159.0,580.0,25.3,Harangi
3640,2020-12-19,0.0,3.6,2834.57,179.0,480.0,25.3,Harangi
3641,2020-12-20,0.0,3.58,2834.35,191.0,430.0,25.3,Harangi
3642,2020-12-21,0.0,3.58,2834.31,191.0,270.0,25.3,Harangi
3643,2020-12-22,0.0,3.13,2834.15,223.0,380.0,25.3,Harangi
3644,2020-12-23,0.0,3.12,2834.0,225.0,380.0,25.3,Harangi
3645,2020-12-24,4.89,3.53,2833.7,153.0,530.0,25.3,Harangi
3646,2020-12-25,0.07,3.51,2833.3,413.0,630.0,25.3,Harangi
3647,2020-12-26,0.0,3.49,2832.9,395.0,630.0,25.3,Harangi
3648,2020-12-27,0.0,3.47,2832.5,415.0,630.0,25.3,Harangi
3649,2020-12-28,0.0,3.44,2832.1,301.0,530.0,25.3,Harangi
3650,2020-12-29,0.0,3.43,2831.7,287.0,480.0,25.3,Harangi
3651,2020-12-30,0.0,3.42,2831.6,233.0,255.0,25.3,Harangi
3652,2020-12-31,0.0,3.43,2831.7,140.0,50.0,25.3,Harangi
